family,category,split,path,source,license,selection_seed,latin_support,validation_status,failure_reason,usable,slug,catalog_category,metadata_category,metadata_url,source_url,license_url,license_path,subsets
Alegreya,serif,train,data/raw/fonts/google_fonts/serif/Alegreya__Alegreya[wght].ttf,Google Fonts official repository,OFL,42,True,passed,,True,alegreya,serif,SERIF,https://raw.githubusercontent.com/google/fonts/main/ofl/alegreya/METADATA.pb,https://raw.githubusercontent.com/google/fonts/main/ofl/alegreya/Alegreya%5Bwght%5D.ttf,https://raw.githubusercontent.com/google/fonts/main/ofl/alegreya/OFL.txt,data/raw/fonts/google_fonts/serif/Alegreya__OFL.txt,"cyrillic,cyrillic-ext,greek,greek-ext,latin,latin-ext,menu,vietnamese"
Bree Serif,serif,train,data/raw/fonts/google_fonts/serif/Bree_Serif__BreeSerif-Regular.ttf,Google Fonts official repository,OFL,42,True,passed,,True,breeserif,serif,SERIF,https://raw.githubusercontent.com/google/fonts/main/ofl/breeserif/METADATA.pb,https://raw.githubusercontent.com/google/fonts/main/ofl/breeserif/BreeSerif-Regular.ttf,https://raw.githubusercontent.com/google/fonts/main/ofl/breeserif/OFL.txt,data/raw/fonts/google_fonts/serif/Bree_Serif__OFL.txt,"latin,latin-ext,menu"
Crimson Pro,serif,train,data/raw/fonts/google_fonts/serif/Crimson_Pro__CrimsonPro[wght].ttf,Google Fonts official repository,OFL,42,True,passed,,True,crimsonpro,serif,SERIF,https://raw.githubusercontent.com/google/fonts/main/ofl/crimsonpro/METADATA.pb,https://raw.githubusercontent.com/google/fonts/main/ofl/crimsonpro/CrimsonPro%5Bwght%5D.ttf,https://raw.githubusercontent.com/google/fonts/main/ofl/crimsonpro/OFL.txt,data/raw/fonts/google_fonts/serif/Crimson_Pro__OFL.txt,"latin,latin-ext,menu,vietnamese"
Domine,serif,train,data/raw/fonts/google_fonts/serif/Domine__Domine[wght].ttf,Google Fonts official repository,OFL,42,True,passed,,True,domine,serif,SERIF,https://raw.githubusercontent.com/google/fonts/main/ofl/domine/METADATA.pb,https://raw.githubusercontent.com/google/fonts/main/ofl/domine/Domine%5Bwght%5D.ttf,https://raw.githubusercontent.com/google/fonts/main/ofl/domine/OFL.txt,data/raw/fonts/google_fonts/serif/Domine__OFL.txt,"latin,latin-ext,menu"
Frank Ruhl Libre,serif,train,data/raw/fonts/google_fonts/serif/Frank_Ruhl_Libre__FrankRuhlLibre[wght].ttf,Google Fonts official repository,OFL,42,True,passed,,True,frankruhllibre,serif,SERIF,https://raw.githubusercontent.com/google/fonts/main/ofl/frankruhllibre/METADATA.pb,https://raw.githubusercontent.com/google/fonts/main/ofl/frankruhllibre/FrankRuhlLibre%5Bwght%5D.ttf,https://raw.githubusercontent.com/google/fonts/main/ofl/frankruhllibre/OFL.txt,data/raw/fonts/google_fonts/serif/Frank_Ruhl_Libre__OFL.txt,"hebrew,latin,latin-ext,menu"
Gentium Book Plus,serif,train,data/raw/fonts/google_fonts/serif/Gentium_Book_Plus__GentiumBookPlus-Regular.ttf,Google Fonts official repository,OFL,42,True,passed,,True,gentiumbookplus,serif,SERIF,https://raw.githubusercontent.com/google/fonts/main/ofl/gentiumbookplus/METADATA.pb,https://raw.githubusercontent.com/google/fonts/main/ofl/gentiumbookplus/GentiumBookPlus-Regular.ttf,https://raw.githubusercontent.com/google/fonts/main/ofl/gentiumbookplus/OFL.txt,data/raw/fonts/google_fonts/serif/Gentium_Book_Plus__OFL.txt,"cyrillic,cyrillic-ext,greek,greek-ext,latin,latin-ext,menu,vietnamese"
Newsreader,serif,train,"data/raw/fonts/google_fonts/serif/Newsreader__Newsreader[opsz,wght].ttf",Google Fonts official repository,OFL,42,True,passed,,True,newsreader,serif,SERIF,https://raw.githubusercontent.com/google/fonts/main/ofl/newsreader/METADATA.pb,https://raw.githubusercontent.com/google/fonts/main/ofl/newsreader/Newsreader%5Bopsz%2Cwght%5D.ttf,https://raw.githubusercontent.com/google/fonts/main/ofl/newsreader/OFL.txt,data/raw/fonts/google_fonts/serif/Newsreader__OFL.txt,"latin,latin-ext,menu,vietnamese"
Noto Serif,serif,train,"data/raw/fonts/google_fonts/serif/Noto_Serif__NotoSerif[wdth,wght].ttf",Google Fonts official repository,OFL,42,True,passed,,True,notoserif,serif,SERIF,https://raw.githubusercontent.com/google/fonts/main/ofl/notoserif/METADATA.pb,https://raw.githubusercontent.com/google/fonts/main/ofl/notoserif/NotoSerif%5Bwdth%2Cwght%5D.ttf,https://raw.githubusercontent.com/google/fonts/main/ofl/notoserif/OFL.txt,data/raw/fonts/google_fonts/serif/Noto_Serif__OFL.txt,"cyrillic,cyrillic-ext,greek,greek-ext,latin,latin-ext,math,menu,vietnamese"
Playfair Display,serif,train,data/raw/fonts/google_fonts/serif/Playfair_Display__PlayfairDisplay[wght].ttf,Google Fonts official repository,OFL,42,True,passed,,True,playfairdisplay,serif,SERIF,https://raw.githubusercontent.com/google/fonts/main/ofl/playfairdisplay/METADATA.pb,https://raw.githubusercontent.com/google/fonts/main/ofl/playfairdisplay/PlayfairDisplay%5Bwght%5D.ttf,https://raw.githubusercontent.com/google/fonts/main/ofl/playfairdisplay/OFL.txt,data/raw/fonts/google_fonts/serif/Playfair_Display__OFL.txt,"cyrillic,latin,latin-ext,menu,vietnamese"
Roboto Slab,serif,train,data/raw/fonts/google_fonts/serif/Roboto_Slab__RobotoSlab[wght].ttf,Google Fonts official repository,APACHE2,42,True,passed,,True,robotoslab,serif,SERIF,https://raw.githubusercontent.com/google/fonts/main/apache/robotoslab/METADATA.pb,https://raw.githubusercontent.com/google/fonts/main/apache/robotoslab/RobotoSlab%5Bwght%5D.ttf,https://raw.githubusercontent.com/google/fonts/main/apache/robotoslab/LICENSE.txt,data/raw/fonts/google_fonts/serif/Roboto_Slab__LICENSE.txt,"cyrillic,cyrillic-ext,greek,greek-ext,latin,latin-ext,menu,vietnamese"
Rokkitt,serif,train,data/raw/fonts/google_fonts/serif/Rokkitt__Rokkitt[wght].ttf,Google Fonts official repository,OFL,42,True,passed,,True,rokkitt,serif,SERIF,https://raw.githubusercontent.com/google/fonts/main/ofl/rokkitt/METADATA.pb,https://raw.githubusercontent.com/google/fonts/main/ofl/rokkitt/Rokkitt%5Bwght%5D.ttf,https://raw.githubusercontent.com/google/fonts/main/ofl/rokkitt/OFL.txt,data/raw/fonts/google_fonts/serif/Rokkitt__OFL.txt,"latin,latin-ext,menu,vietnamese"
Zilla Slab,serif,train,data/raw/fonts/google_fonts/serif/Zilla_Slab__ZillaSlab-Regular.ttf,Google Fonts official repository,OFL,42,True,passed,,True,zillaslab,serif,SERIF,https://raw.githubusercontent.com/google/fonts/main/ofl/zillaslab/METADATA.pb,https://raw.githubusercontent.com/google/fonts/main/ofl/zillaslab/ZillaSlab-Regular.ttf,https://raw.githubusercontent.com/google/fonts/main/ofl/zillaslab/OFL.txt,data/raw/fonts/google_fonts/serif/Zilla_Slab__OFL.txt,"latin,latin-ext,menu"
Libre Caslon Text,serif,validation,data/raw/fonts/google_fonts/serif/Libre_Caslon_Text__LibreCaslonText[wght].ttf,Google Fonts official repository,OFL,42,True,passed,,True,librecaslontext,serif,SERIF,https://raw.githubusercontent.com/google/fonts/main/ofl/librecaslontext/METADATA.pb,https://raw.githubusercontent.com/google/fonts/main/ofl/librecaslontext/LibreCaslonText%5Bwght%5D.ttf,https://raw.githubusercontent.com/google/fonts/main/ofl/librecaslontext/OFL.txt,data/raw/fonts/google_fonts/serif/Libre_Caslon_Text__OFL.txt,"latin,latin-ext,menu"
PT Serif,serif,validation,data/raw/fonts/google_fonts/serif/PT_Serif__PT_Serif-Web-Regular.ttf,Google Fonts official repository,OFL,42,True,passed,,True,ptserif,serif,SERIF,https://raw.githubusercontent.com/google/fonts/main/ofl/ptserif/METADATA.pb,https://raw.githubusercontent.com/google/fonts/main/ofl/ptserif/PT_Serif-Web-Regular.ttf,https://raw.githubusercontent.com/google/fonts/main/ofl/ptserif/OFL.txt,data/raw/fonts/google_fonts/serif/PT_Serif__OFL.txt,"menu,cyrillic,cyrillic-ext,latin,latin-ext"
Source Serif 4,serif,validation,"data/raw/fonts/google_fonts/serif/Source_Serif_4__SourceSerif4[opsz,wght].ttf",Google Fonts official repository,OFL,42,True,passed,,True,sourceserif4,serif,SERIF,https://raw.githubusercontent.com/google/fonts/main/ofl/sourceserif4/METADATA.pb,https://raw.githubusercontent.com/google/fonts/main/ofl/sourceserif4/SourceSerif4%5Bopsz%2Cwght%5D.ttf,https://raw.githubusercontent.com/google/fonts/main/ofl/sourceserif4/OFL.txt,data/raw/fonts/google_fonts/serif/Source_Serif_4__OFL.txt,"cyrillic,cyrillic-ext,greek,latin,latin-ext,menu,vietnamese"
Cormorant Garamond,serif,test,data/raw/fonts/google_fonts/serif/Cormorant_Garamond__CormorantGaramond[wght].ttf,Google Fonts official repository,OFL,42,True,passed,,True,cormorantgaramond,serif,SERIF,https://raw.githubusercontent.com/google/fonts/main/ofl/cormorantgaramond/METADATA.pb,https://raw.githubusercontent.com/google/fonts/main/ofl/cormorantgaramond/CormorantGaramond%5Bwght%5D.ttf,https://raw.githubusercontent.com/google/fonts/main/ofl/cormorantgaramond/OFL.txt,data/raw/fonts/google_fonts/serif/Cormorant_Garamond__OFL.txt,"cyrillic,cyrillic-ext,latin,latin-ext,menu,vietnamese"
Libre Baskerville,serif,test,data/raw/fonts/google_fonts/serif/Libre_Baskerville__LibreBaskerville[wght].ttf,Google Fonts official repository,OFL,42,True,passed,,True,librebaskerville,serif,SERIF,https://raw.githubusercontent.com/google/fonts/main/ofl/librebaskerville/METADATA.pb,https://raw.githubusercontent.com/google/fonts/main/ofl/librebaskerville/LibreBaskerville%5Bwght%5D.ttf,https://raw.githubusercontent.com/google/fonts/main/ofl/librebaskerville/OFL.txt,data/raw/fonts/google_fonts/serif/Libre_Baskerville__OFL.txt,"latin,latin-ext,menu"
Merriweather,serif,test,"data/raw/fonts/google_fonts/serif/Merriweather__Merriweather[opsz,wdth,wght].ttf",Google Fonts official repository,OFL,42,True,passed,,True,merriweather,serif,SERIF,https://raw.githubusercontent.com/google/fonts/main/ofl/merriweather/METADATA.pb,https://raw.githubusercontent.com/google/fonts/main/ofl/merriweather/Merriweather%5Bopsz%2Cwdth%2Cwght%5D.ttf,https://raw.githubusercontent.com/google/fonts/main/ofl/merriweather/OFL.txt,data/raw/fonts/google_fonts/serif/Merriweather__OFL.txt,"cyrillic,cyrillic-ext,latin,latin-ext,menu,vietnamese"
Barlow,sans_serif,train,data/raw/fonts/google_fonts/sans_serif/Barlow__Barlow-Regular.ttf,Google Fonts official repository,OFL,42,True,passed,,True,barlow,sans_serif,SANS_SERIF,https://raw.githubusercontent.com/google/fonts/main/ofl/barlow/METADATA.pb,https://raw.githubusercontent.com/google/fonts/main/ofl/barlow/Barlow-Regular.ttf,https://raw.githubusercontent.com/google/fonts/main/ofl/barlow/OFL.txt,data/raw/fonts/google_fonts/sans_serif/Barlow__OFL.txt,"latin,latin-ext,menu,vietnamese"
Exo 2,sans_serif,train,data/raw/fonts/google_fonts/sans_serif/Exo_2__Exo2[wght].ttf,Google Fonts official repository,OFL,42,True,passed,,True,exo2,sans_serif,SANS_SERIF,https://raw.githubusercontent.com/google/fonts/main/ofl/exo2/METADATA.pb,https://raw.githubusercontent.com/google/fonts/main/ofl/exo2/Exo2%5Bwght%5D.ttf,https://raw.githubusercontent.com/google/fonts/main/ofl/exo2/OFL.txt,data/raw/fonts/google_fonts/sans_serif/Exo_2__OFL.txt,"cyrillic,cyrillic-ext,latin,latin-ext,menu,vietnamese"
Inter,sans_serif,train,"data/raw/fonts/google_fonts/sans_serif/Inter__Inter[opsz,wght].ttf",Google Fonts official repository,OFL,42,True,passed,,True,inter,sans_serif,SANS_SERIF,https://raw.githubusercontent.com/google/fonts/main/ofl/inter/METADATA.pb,https://raw.githubusercontent.com/google/fonts/main/ofl/inter/Inter%5Bopsz%2Cwght%5D.ttf,https://raw.githubusercontent.com/google/fonts/main/ofl/inter/OFL.txt,data/raw/fonts/google_fonts/sans_serif/Inter__OFL.txt,"cyrillic,cyrillic-ext,greek,greek-ext,latin,latin-ext,menu,vietnamese"
Karla,sans_serif,train,data/raw/fonts/google_fonts/sans_serif/Karla__Karla[wght].ttf,Google Fonts official repository,OFL,42,True,passed,,True,karla,sans_serif,SANS_SERIF,https://raw.githubusercontent.com/google/fonts/main/ofl/karla/METADATA.pb,https://raw.githubusercontent.com/google/fonts/main/ofl/karla/Karla%5Bwght%5D.ttf,https://raw.githubusercontent.com/google/fonts/main/ofl/karla/OFL.txt,data/raw/fonts/google_fonts/sans_serif/Karla__OFL.txt,"latin,latin-ext,menu"
Lato,sans_serif,train,data/raw/fonts/google_fonts/sans_serif/Lato__Lato-Regular.ttf,Google Fonts official repository,OFL,42,True,passed,,True,lato,sans_serif,SANS_SERIF,https://raw.githubusercontent.com/google/fonts/main/ofl/lato/METADATA.pb,https://raw.githubusercontent.com/google/fonts/main/ofl/lato/Lato-Regular.ttf,https://raw.githubusercontent.com/google/fonts/main/ofl/lato/OFL.txt,data/raw/fonts/google_fonts/sans_serif/Lato__OFL.txt,"cyrillic,cyrillic-ext,greek,greek-ext,latin,latin-ext,menu,vietnamese"
Lexend,sans_serif,train,data/raw/fonts/google_fonts/sans_serif/Lexend__Lexend[wght].ttf,Google Fonts official repository,OFL,42,True,passed,,True,lexend,sans_serif,SANS_SERIF,https://raw.githubusercontent.com/google/fonts/main/ofl/lexend/METADATA.pb,https://raw.githubusercontent.com/google/fonts/main/ofl/lexend/Lexend%5Bwght%5D.ttf,https://raw.githubusercontent.com/google/fonts/main/ofl/lexend/OFL.txt,data/raw/fonts/google_fonts/sans_serif/Lexend__OFL.txt,"latin,latin-ext,menu,vietnamese"
Manrope,sans_serif,train,data/raw/fonts/google_fonts/sans_serif/Manrope__Manrope[wght].ttf,Google Fonts official repository,OFL,42,True,passed,,True,manrope,sans_serif,SANS_SERIF,https://raw.githubusercontent.com/google/fonts/main/ofl/manrope/METADATA.pb,https://raw.githubusercontent.com/google/fonts/main/ofl/manrope/Manrope%5Bwght%5D.ttf,https://raw.githubusercontent.com/google/fonts/main/ofl/manrope/OFL.txt,data/raw/fonts/google_fonts/sans_serif/Manrope__OFL.txt,"cyrillic,cyrillic-ext,greek,latin,latin-ext,menu,vietnamese"
Montserrat,sans_serif,train,data/raw/fonts/google_fonts/sans_serif/Montserrat__Montserrat[wght].ttf,Google Fonts official repository,OFL,42,True,passed,,True,montserrat,sans_serif,SANS_SERIF,https://raw.githubusercontent.com/google/fonts/main/ofl/montserrat/METADATA.pb,https://raw.githubusercontent.com/google/fonts/main/ofl/montserrat/Montserrat%5Bwght%5D.ttf,https://raw.githubusercontent.com/google/fonts/main/ofl/montserrat/OFL.txt,data/raw/fonts/google_fonts/sans_serif/Montserrat__OFL.txt,"cyrillic,cyrillic-ext,latin,latin-ext,menu,vietnamese"
Poppins,sans_serif,train,data/raw/fonts/google_fonts/sans_serif/Poppins__Poppins-Regular.ttf,Google Fonts official repository,OFL,42,True,passed,,True,poppins,sans_serif,SANS_SERIF,https://raw.githubusercontent.com/google/fonts/main/ofl/poppins/METADATA.pb,https://raw.githubusercontent.com/google/fonts/main/ofl/poppins/Poppins-Regular.ttf,https://raw.githubusercontent.com/google/fonts/main/ofl/poppins/OFL.txt,data/raw/fonts/google_fonts/sans_serif/Poppins__OFL.txt,"devanagari,latin,latin-ext,menu"
Roboto,sans_serif,train,"data/raw/fonts/google_fonts/sans_serif/Roboto__Roboto[wdth,wght].ttf",Google Fonts official repository,OFL,42,True,passed,,True,roboto,sans_serif,SANS_SERIF,https://raw.githubusercontent.com/google/fonts/main/ofl/roboto/METADATA.pb,https://raw.githubusercontent.com/google/fonts/main/ofl/roboto/Roboto%5Bwdth%2Cwght%5D.ttf,https://raw.githubusercontent.com/google/fonts/main/ofl/roboto/OFL.txt,data/raw/fonts/google_fonts/sans_serif/Roboto__OFL.txt,"cyrillic,cyrillic-ext,greek,greek-ext,latin,latin-ext,math,menu,symbols,vietnamese"
Rubik,sans_serif,train,data/raw/fonts/google_fonts/sans_serif/Rubik__Rubik[wght].ttf,Google Fonts official repository,OFL,42,True,passed,,True,rubik,sans_serif,SANS_SERIF,https://raw.githubusercontent.com/google/fonts/main/ofl/rubik/METADATA.pb,https://raw.githubusercontent.com/google/fonts/main/ofl/rubik/Rubik%5Bwght%5D.ttf,https://raw.githubusercontent.com/google/fonts/main/ofl/rubik/OFL.txt,data/raw/fonts/google_fonts/sans_serif/Rubik__OFL.txt,"arabic,cyrillic,cyrillic-ext,hebrew,latin,latin-ext,menu"
Urbanist,sans_serif,train,data/raw/fonts/google_fonts/sans_serif/Urbanist__Urbanist[wght].ttf,Google Fonts official repository,OFL,42,True,passed,,True,urbanist,sans_serif,SANS_SERIF,https://raw.githubusercontent.com/google/fonts/main/ofl/urbanist/METADATA.pb,https://raw.githubusercontent.com/google/fonts/main/ofl/urbanist/Urbanist%5Bwght%5D.ttf,https://raw.githubusercontent.com/google/fonts/main/ofl/urbanist/OFL.txt,data/raw/fonts/google_fonts/sans_serif/Urbanist__OFL.txt,"latin,latin-ext,menu"
Archivo,sans_serif,validation,"data/raw/fonts/google_fonts/sans_serif/Archivo__Archivo[wdth,wght].ttf",Google Fonts official repository,OFL,42,True,passed,,True,archivo,sans_serif,SANS_SERIF,https://raw.githubusercontent.com/google/fonts/main/ofl/archivo/METADATA.pb,https://raw.githubusercontent.com/google/fonts/main/ofl/archivo/Archivo%5Bwdth%2Cwght%5D.ttf,https://raw.githubusercontent.com/google/fonts/main/ofl/archivo/OFL.txt,data/raw/fonts/google_fonts/sans_serif/Archivo__OFL.txt,"latin,latin-ext,menu,vietnamese"
Mulish,sans_serif,validation,data/raw/fonts/google_fonts/sans_serif/Mulish__Mulish[wght].ttf,Google Fonts official repository,OFL,42,True,passed,,True,mulish,sans_serif,SANS_SERIF,https://raw.githubusercontent.com/google/fonts/main/ofl/mulish/METADATA.pb,https://raw.githubusercontent.com/google/fonts/main/ofl/mulish/Mulish%5Bwght%5D.ttf,https://raw.githubusercontent.com/google/fonts/main/ofl/mulish/OFL.txt,data/raw/fonts/google_fonts/sans_serif/Mulish__OFL.txt,"cyrillic,cyrillic-ext,latin,latin-ext,menu,vietnamese"
Work Sans,sans_serif,validation,data/raw/fonts/google_fonts/sans_serif/Work_Sans__WorkSans[wght].ttf,Google Fonts official repository,OFL,42,True,passed,,True,worksans,sans_serif,SANS_SERIF,https://raw.githubusercontent.com/google/fonts/main/ofl/worksans/METADATA.pb,https://raw.githubusercontent.com/google/fonts/main/ofl/worksans/WorkSans%5Bwght%5D.ttf,https://raw.githubusercontent.com/google/fonts/main/ofl/worksans/OFL.txt,data/raw/fonts/google_fonts/sans_serif/Work_Sans__OFL.txt,"latin,latin-ext,menu,vietnamese"
Open Sans,sans_serif,test,"data/raw/fonts/google_fonts/sans_serif/Open_Sans__OpenSans[wdth,wght].ttf",Google Fonts official repository,OFL,42,True,passed,,True,opensans,sans_serif,SANS_SERIF,https://raw.githubusercontent.com/google/fonts/main/ofl/opensans/METADATA.pb,https://raw.githubusercontent.com/google/fonts/main/ofl/opensans/OpenSans%5Bwdth%2Cwght%5D.ttf,https://raw.githubusercontent.com/google/fonts/main/ofl/opensans/OFL.txt,data/raw/fonts/google_fonts/sans_serif/Open_Sans__OFL.txt,"cyrillic,cyrillic-ext,greek,greek-ext,hebrew,latin,latin-ext,math,menu,symbols,vietnamese"
Oxygen,sans_serif,test,data/raw/fonts/google_fonts/sans_serif/Oxygen__Oxygen-Regular.ttf,Google Fonts official repository,OFL,42,True,passed,,True,oxygen,sans_serif,SANS_SERIF,https://raw.githubusercontent.com/google/fonts/main/ofl/oxygen/METADATA.pb,https://raw.githubusercontent.com/google/fonts/main/ofl/oxygen/Oxygen-Regular.ttf,https://raw.githubusercontent.com/google/fonts/main/ofl/oxygen/OFL.txt,data/raw/fonts/google_fonts/sans_serif/Oxygen__OFL.txt,"latin,latin-ext,menu"
Raleway,sans_serif,test,data/raw/fonts/google_fonts/sans_serif/Raleway__Raleway[wght].ttf,Google Fonts official repository,OFL,42,True,passed,,True,raleway,sans_serif,SANS_SERIF,https://raw.githubusercontent.com/google/fonts/main/ofl/raleway/METADATA.pb,https://raw.githubusercontent.com/google/fonts/main/ofl/raleway/Raleway%5Bwght%5D.ttf,https://raw.githubusercontent.com/google/fonts/main/ofl/raleway/OFL.txt,data/raw/fonts/google_fonts/sans_serif/Raleway__OFL.txt,"cyrillic,cyrillic-ext,latin,latin-ext,menu,vietnamese"
Bebas Neue,display,train,data/raw/fonts/google_fonts/display/Bebas_Neue__BebasNeue-Regular.ttf,Google Fonts official repository,OFL,42,True,passed,,True,bebasneue,display,DISPLAY,https://raw.githubusercontent.com/google/fonts/main/ofl/bebasneue/METADATA.pb,https://raw.githubusercontent.com/google/fonts/main/ofl/bebasneue/BebasNeue-Regular.ttf,https://raw.githubusercontent.com/google/fonts/main/ofl/bebasneue/OFL.txt,data/raw/fonts/google_fonts/display/Bebas_Neue__OFL.txt,"latin,latin-ext,menu"
Bowlby One SC,display,train,data/raw/fonts/google_fonts/display/Bowlby_One_SC__BowlbyOneSC-Regular.ttf,Google Fonts official repository,OFL,42,True,passed,,True,bowlbyonesc,display,DISPLAY,https://raw.githubusercontent.com/google/fonts/main/ofl/bowlbyonesc/METADATA.pb,https://raw.githubusercontent.com/google/fonts/main/ofl/bowlbyonesc/BowlbyOneSC-Regular.ttf,https://raw.githubusercontent.com/google/fonts/main/ofl/bowlbyonesc/OFL.txt,data/raw/fonts/google_fonts/display/Bowlby_One_SC__OFL.txt,"menu,latin,latin-ext"
Bungee,display,train,data/raw/fonts/google_fonts/display/Bungee__Bungee-Regular.ttf,Google Fonts official repository,OFL,42,True,passed,,True,bungee,display,DISPLAY,https://raw.githubusercontent.com/google/fonts/main/ofl/bungee/METADATA.pb,https://raw.githubusercontent.com/google/fonts/main/ofl/bungee/Bungee-Regular.ttf,https://raw.githubusercontent.com/google/fonts/main/ofl/bungee/OFL.txt,data/raw/fonts/google_fonts/display/Bungee__OFL.txt,"latin,latin-ext,menu,vietnamese"
Chango,display,train,data/raw/fonts/google_fonts/display/Chango__Chango-Regular.ttf,Google Fonts official repository,OFL,42,True,passed,,True,chango,display,DISPLAY,https://raw.githubusercontent.com/google/fonts/main/ofl/chango/METADATA.pb,https://raw.githubusercontent.com/google/fonts/main/ofl/chango/Chango-Regular.ttf,https://raw.githubusercontent.com/google/fonts/main/ofl/chango/OFL.txt,data/raw/fonts/google_fonts/display/Chango__OFL.txt,"menu,latin,latin-ext"
Fascinate,display,train,data/raw/fonts/google_fonts/display/Fascinate__Fascinate-Regular.ttf,Google Fonts official repository,OFL,42,True,passed,,True,fascinate,display,DISPLAY,https://raw.githubusercontent.com/google/fonts/main/ofl/fascinate/METADATA.pb,https://raw.githubusercontent.com/google/fonts/main/ofl/fascinate/Fascinate-Regular.ttf,https://raw.githubusercontent.com/google/fonts/main/ofl/fascinate/OFL.txt,data/raw/fonts/google_fonts/display/Fascinate__OFL.txt,"menu,latin,latin-ext"
Frijole,display,train,data/raw/fonts/google_fonts/display/Frijole__Frijole-Regular.ttf,Google Fonts official repository,OFL,42,True,passed,,True,frijole,display,DISPLAY,https://raw.githubusercontent.com/google/fonts/main/ofl/frijole/METADATA.pb,https://raw.githubusercontent.com/google/fonts/main/ofl/frijole/Frijole-Regular.ttf,https://raw.githubusercontent.com/google/fonts/main/ofl/frijole/OFL.txt,data/raw/fonts/google_fonts/display/Frijole__OFL.txt,"menu,latin"
Gravitas One,display,train,data/raw/fonts/google_fonts/display/Gravitas_One__GravitasOne.ttf,Google Fonts official repository,OFL,42,True,passed,,True,gravitasone,display,DISPLAY,https://raw.githubusercontent.com/google/fonts/main/ofl/gravitasone/METADATA.pb,https://raw.githubusercontent.com/google/fonts/main/ofl/gravitasone/GravitasOne.ttf,https://raw.githubusercontent.com/google/fonts/main/ofl/gravitasone/OFL.txt,data/raw/fonts/google_fonts/display/Gravitas_One__OFL.txt,"menu,latin"
Lobster,display,train,data/raw/fonts/google_fonts/display/Lobster__Lobster-Regular.ttf,Google Fonts official repository,OFL,42,True,passed,,True,lobster,display,DISPLAY,https://raw.githubusercontent.com/google/fonts/main/ofl/lobster/METADATA.pb,https://raw.githubusercontent.com/google/fonts/main/ofl/lobster/Lobster-Regular.ttf,https://raw.githubusercontent.com/google/fonts/main/ofl/lobster/OFL.txt,data/raw/fonts/google_fonts/display/Lobster__OFL.txt,"cyrillic,cyrillic-ext,latin,latin-ext,menu,vietnamese"
Luckiest Guy,display,train,data/raw/fonts/google_fonts/display/Luckiest_Guy__LuckiestGuy-Regular.ttf,Google Fonts official repository,APACHE2,42,True,passed,,True,luckiestguy,display,DISPLAY,https://raw.githubusercontent.com/google/fonts/main/apache/luckiestguy/METADATA.pb,https://raw.githubusercontent.com/google/fonts/main/apache/luckiestguy/LuckiestGuy-Regular.ttf,https://raw.githubusercontent.com/google/fonts/main/apache/luckiestguy/LICENSE.txt,data/raw/fonts/google_fonts/display/Luckiest_Guy__LICENSE.txt,"latin,menu"
Monoton,display,train,data/raw/fonts/google_fonts/display/Monoton__Monoton-Regular.ttf,Google Fonts official repository,OFL,42,True,passed,,True,monoton,display,DISPLAY,https://raw.githubusercontent.com/google/fonts/main/ofl/monoton/METADATA.pb,https://raw.githubusercontent.com/google/fonts/main/ofl/monoton/Monoton-Regular.ttf,https://raw.githubusercontent.com/google/fonts/main/ofl/monoton/OFL.txt,data/raw/fonts/google_fonts/display/Monoton__OFL.txt,"menu,latin"
Rampart One,display,train,data/raw/fonts/google_fonts/display/Rampart_One__RampartOne-Regular.ttf,Google Fonts official repository,OFL,42,True,passed,,True,rampartone,display,DISPLAY,https://raw.githubusercontent.com/google/fonts/main/ofl/rampartone/METADATA.pb,https://raw.githubusercontent.com/google/fonts/main/ofl/rampartone/RampartOne-Regular.ttf,https://raw.githubusercontent.com/google/fonts/main/ofl/rampartone/OFL.txt,data/raw/fonts/google_fonts/display/Rampart_One__OFL.txt,"cyrillic,japanese,latin,latin-ext,menu"
Righteous,display,train,data/raw/fonts/google_fonts/display/Righteous__Righteous-Regular.ttf,Google Fonts official repository,OFL,42,True,passed,,True,righteous,display,DISPLAY,https://raw.githubusercontent.com/google/fonts/main/ofl/righteous/METADATA.pb,https://raw.githubusercontent.com/google/fonts/main/ofl/righteous/Righteous-Regular.ttf,https://raw.githubusercontent.com/google/fonts/main/ofl/righteous/OFL.txt,data/raw/fonts/google_fonts/display/Righteous__OFL.txt,"menu,latin,latin-ext"
Abril Fatface,display,validation,data/raw/fonts/google_fonts/display/Abril_Fatface__AbrilFatface-Regular.ttf,Google Fonts official repository,OFL,42,True,passed,,True,abrilfatface,display,DISPLAY,https://raw.githubusercontent.com/google/fonts/main/ofl/abrilfatface/METADATA.pb,https://raw.githubusercontent.com/google/fonts/main/ofl/abrilfatface/AbrilFatface-Regular.ttf,https://raw.githubusercontent.com/google/fonts/main/ofl/abrilfatface/OFL.txt,data/raw/fonts/google_fonts/display/Abril_Fatface__OFL.txt,"menu,latin,latin-ext"
Alfa Slab One,display,validation,data/raw/fonts/google_fonts/display/Alfa_Slab_One__AlfaSlabOne-Regular.ttf,Google Fonts official repository,OFL,42,True,passed,,True,alfaslabone,display,DISPLAY,https://raw.githubusercontent.com/google/fonts/main/ofl/alfaslabone/METADATA.pb,https://raw.githubusercontent.com/google/fonts/main/ofl/alfaslabone/AlfaSlabOne-Regular.ttf,https://raw.githubusercontent.com/google/fonts/main/ofl/alfaslabone/OFL.txt,data/raw/fonts/google_fonts/display/Alfa_Slab_One__OFL.txt,"latin,latin-ext,menu,vietnamese"
Black Ops One,display,validation,data/raw/fonts/google_fonts/display/Black_Ops_One__BlackOpsOne-Regular.ttf,Google Fonts official repository,OFL,42,True,passed,,True,blackopsone,display,DISPLAY,https://raw.githubusercontent.com/google/fonts/main/ofl/blackopsone/METADATA.pb,https://raw.githubusercontent.com/google/fonts/main/ofl/blackopsone/BlackOpsOne-Regular.ttf,https://raw.githubusercontent.com/google/fonts/main/ofl/blackopsone/OFL.txt,data/raw/fonts/google_fonts/display/Black_Ops_One__OFL.txt,"cyrillic-ext,latin,latin-ext,menu,vietnamese"
Anton,display,test,data/raw/fonts/google_fonts/display/Anton__Anton-Regular.ttf,Google Fonts official repository,OFL,42,True,passed,,True,anton,display,DISPLAY,https://raw.githubusercontent.com/google/fonts/main/ofl/anton/METADATA.pb,https://raw.githubusercontent.com/google/fonts/main/ofl/anton/Anton-Regular.ttf,https://raw.githubusercontent.com/google/fonts/main/ofl/anton/OFL.txt,data/raw/fonts/google_fonts/display/Anton__OFL.txt,"latin,latin-ext,menu,vietnamese"
Creepster,display,test,data/raw/fonts/google_fonts/display/Creepster__Creepster-Regular.ttf,Google Fonts official repository,OFL,42,True,passed,,True,creepster,display,DISPLAY,https://raw.githubusercontent.com/google/fonts/main/ofl/creepster/METADATA.pb,https://raw.githubusercontent.com/google/fonts/main/ofl/creepster/Creepster-Regular.ttf,https://raw.githubusercontent.com/google/fonts/main/ofl/creepster/OFL.txt,data/raw/fonts/google_fonts/display/Creepster__OFL.txt,"menu,latin,latin-ext"
Modak,display,test,data/raw/fonts/google_fonts/display/Modak__Modak-Regular.ttf,Google Fonts official repository,OFL,42,True,passed,,True,modak,display,DISPLAY,https://raw.githubusercontent.com/google/fonts/main/ofl/modak/METADATA.pb,https://raw.githubusercontent.com/google/fonts/main/ofl/modak/Modak-Regular.ttf,https://raw.githubusercontent.com/google/fonts/main/ofl/modak/OFL.txt,data/raw/fonts/google_fonts/display/Modak__OFL.txt,"menu,devanagari,latin,latin-ext"
Bad Script,handwriting,train,data/raw/fonts/google_fonts/handwriting/Bad_Script__BadScript-Regular.ttf,Google Fonts official repository,OFL,42,True,passed,,True,badscript,handwriting,HANDWRITING,https://raw.githubusercontent.com/google/fonts/main/ofl/badscript/METADATA.pb,https://raw.githubusercontent.com/google/fonts/main/ofl/badscript/BadScript-Regular.ttf,https://raw.githubusercontent.com/google/fonts/main/ofl/badscript/OFL.txt,data/raw/fonts/google_fonts/handwriting/Bad_Script__OFL.txt,"cyrillic,cyrillic-ext,latin,latin-ext,menu,vietnamese"
Cookie,handwriting,train,data/raw/fonts/google_fonts/handwriting/Cookie__Cookie-Regular.ttf,Google Fonts official repository,OFL,42,True,passed,,True,cookie,handwriting,HANDWRITING,https://raw.githubusercontent.com/google/fonts/main/ofl/cookie/METADATA.pb,https://raw.githubusercontent.com/google/fonts/main/ofl/cookie/Cookie-Regular.ttf,https://raw.githubusercontent.com/google/fonts/main/ofl/cookie/OFL.txt,data/raw/fonts/google_fonts/handwriting/Cookie__OFL.txt,"menu,latin,latin-ext"
Covered By Your Grace,handwriting,train,data/raw/fonts/google_fonts/handwriting/Covered_By_Your_Grace__CoveredByYourGrace.ttf,Google Fonts official repository,OFL,42,True,passed,,True,coveredbyyourgrace,handwriting,HANDWRITING,https://raw.githubusercontent.com/google/fonts/main/ofl/coveredbyyourgrace/METADATA.pb,https://raw.githubusercontent.com/google/fonts/main/ofl/coveredbyyourgrace/CoveredByYourGrace.ttf,https://raw.githubusercontent.com/google/fonts/main/ofl/coveredbyyourgrace/OFL.txt,data/raw/fonts/google_fonts/handwriting/Covered_By_Your_Grace__OFL.txt,"menu,latin"
Gloria Hallelujah,handwriting,train,data/raw/fonts/google_fonts/handwriting/Gloria_Hallelujah__GloriaHallelujah.ttf,Google Fonts official repository,OFL,42,True,passed,,True,gloriahallelujah,handwriting,HANDWRITING,https://raw.githubusercontent.com/google/fonts/main/ofl/gloriahallelujah/METADATA.pb,https://raw.githubusercontent.com/google/fonts/main/ofl/gloriahallelujah/GloriaHallelujah.ttf,https://raw.githubusercontent.com/google/fonts/main/ofl/gloriahallelujah/OFL.txt,data/raw/fonts/google_fonts/handwriting/Gloria_Hallelujah__OFL.txt,"menu,latin"
Great Vibes,handwriting,train,data/raw/fonts/google_fonts/handwriting/Great_Vibes__GreatVibes-Regular.ttf,Google Fonts official repository,OFL,42,True,passed,,True,greatvibes,handwriting,HANDWRITING,https://raw.githubusercontent.com/google/fonts/main/ofl/greatvibes/METADATA.pb,https://raw.githubusercontent.com/google/fonts/main/ofl/greatvibes/GreatVibes-Regular.ttf,https://raw.githubusercontent.com/google/fonts/main/ofl/greatvibes/OFL.txt,data/raw/fonts/google_fonts/handwriting/Great_Vibes__OFL.txt,"cyrillic,cyrillic-ext,greek-ext,latin,latin-ext,menu,vietnamese"
Homemade Apple,handwriting,train,data/raw/fonts/google_fonts/handwriting/Homemade_Apple__HomemadeApple-Regular.ttf,Google Fonts official repository,APACHE2,42,True,passed,,True,homemadeapple,handwriting,HANDWRITING,https://raw.githubusercontent.com/google/fonts/main/apache/homemadeapple/METADATA.pb,https://raw.githubusercontent.com/google/fonts/main/apache/homemadeapple/HomemadeApple-Regular.ttf,https://raw.githubusercontent.com/google/fonts/main/apache/homemadeapple/LICENSE.txt,data/raw/fonts/google_fonts/handwriting/Homemade_Apple__LICENSE.txt,"latin,menu"
Indie Flower,handwriting,train,data/raw/fonts/google_fonts/handwriting/Indie_Flower__IndieFlower-Regular.ttf,Google Fonts official repository,OFL,42,True,passed,,True,indieflower,handwriting,HANDWRITING,https://raw.githubusercontent.com/google/fonts/main/ofl/indieflower/METADATA.pb,https://raw.githubusercontent.com/google/fonts/main/ofl/indieflower/IndieFlower-Regular.ttf,https://raw.githubusercontent.com/google/fonts/main/ofl/indieflower/OFL.txt,data/raw/fonts/google_fonts/handwriting/Indie_Flower__OFL.txt,"latin,latin-ext,menu,vietnamese"
Kalam,handwriting,train,data/raw/fonts/google_fonts/handwriting/Kalam__Kalam-Regular.ttf,Google Fonts official repository,OFL,42,True,passed,,True,kalam,handwriting,HANDWRITING,https://raw.githubusercontent.com/google/fonts/main/ofl/kalam/METADATA.pb,https://raw.githubusercontent.com/google/fonts/main/ofl/kalam/Kalam-Regular.ttf,https://raw.githubusercontent.com/google/fonts/main/ofl/kalam/OFL.txt,data/raw/fonts/google_fonts/handwriting/Kalam__OFL.txt,"menu,devanagari,latin,latin-ext"
Kaushan Script,handwriting,train,data/raw/fonts/google_fonts/handwriting/Kaushan_Script__KaushanScript-Regular.ttf,Google Fonts official repository,OFL,42,True,passed,,True,kaushanscript,handwriting,HANDWRITING,https://raw.githubusercontent.com/google/fonts/main/ofl/kaushanscript/METADATA.pb,https://raw.githubusercontent.com/google/fonts/main/ofl/kaushanscript/KaushanScript-Regular.ttf,https://raw.githubusercontent.com/google/fonts/main/ofl/kaushanscript/OFL.txt,data/raw/fonts/google_fonts/handwriting/Kaushan_Script__OFL.txt,"menu,latin,latin-ext"
Nanum Pen Script,handwriting,train,data/raw/fonts/google_fonts/handwriting/Nanum_Pen_Script__NanumPenScript-Regular.ttf,Google Fonts official repository,OFL,42,True,passed,,True,nanumpenscript,handwriting,HANDWRITING,https://raw.githubusercontent.com/google/fonts/main/ofl/nanumpenscript/METADATA.pb,https://raw.githubusercontent.com/google/fonts/main/ofl/nanumpenscript/NanumPenScript-Regular.ttf,https://raw.githubusercontent.com/google/fonts/main/ofl/nanumpenscript/OFL.txt,data/raw/fonts/google_fonts/handwriting/Nanum_Pen_Script__OFL.txt,"menu,latin,korean"
Patrick Hand,handwriting,train,data/raw/fonts/google_fonts/handwriting/Patrick_Hand__PatrickHand-Regular.ttf,Google Fonts official repository,OFL,42,True,passed,,True,patrickhand,handwriting,HANDWRITING,https://raw.githubusercontent.com/google/fonts/main/ofl/patrickhand/METADATA.pb,https://raw.githubusercontent.com/google/fonts/main/ofl/patrickhand/PatrickHand-Regular.ttf,https://raw.githubusercontent.com/google/fonts/main/ofl/patrickhand/OFL.txt,data/raw/fonts/google_fonts/handwriting/Patrick_Hand__OFL.txt,"menu,latin,latin-ext,vietnamese"
Yellowtail,handwriting,train,data/raw/fonts/google_fonts/handwriting/Yellowtail__Yellowtail-Regular.ttf,Google Fonts official repository,APACHE2,42,True,passed,,True,yellowtail,handwriting,HANDWRITING,https://raw.githubusercontent.com/google/fonts/main/apache/yellowtail/METADATA.pb,https://raw.githubusercontent.com/google/fonts/main/apache/yellowtail/Yellowtail-Regular.ttf,https://raw.githubusercontent.com/google/fonts/main/apache/yellowtail/LICENSE.txt,data/raw/fonts/google_fonts/handwriting/Yellowtail__LICENSE.txt,"latin,menu"
Allura,handwriting,validation,data/raw/fonts/google_fonts/handwriting/Allura__Allura-Regular.ttf,Google Fonts official repository,OFL,42,True,passed,,True,allura,handwriting,HANDWRITING,https://raw.githubusercontent.com/google/fonts/main/ofl/allura/METADATA.pb,https://raw.githubusercontent.com/google/fonts/main/ofl/allura/Allura-Regular.ttf,https://raw.githubusercontent.com/google/fonts/main/ofl/allura/OFL.txt,data/raw/fonts/google_fonts/handwriting/Allura__OFL.txt,"latin,latin-ext,menu,vietnamese"
Caveat,handwriting,validation,data/raw/fonts/google_fonts/handwriting/Caveat__Caveat[wght].ttf,Google Fonts official repository,OFL,42,True,passed,,True,caveat,handwriting,HANDWRITING,https://raw.githubusercontent.com/google/fonts/main/ofl/caveat/METADATA.pb,https://raw.githubusercontent.com/google/fonts/main/ofl/caveat/Caveat%5Bwght%5D.ttf,https://raw.githubusercontent.com/google/fonts/main/ofl/caveat/OFL.txt,data/raw/fonts/google_fonts/handwriting/Caveat__OFL.txt,"cyrillic,cyrillic-ext,latin,latin-ext,menu"
Marck Script,handwriting,validation,data/raw/fonts/google_fonts/handwriting/Marck_Script__MarckScript-Regular.ttf,Google Fonts official repository,OFL,42,True,passed,,True,marckscript,handwriting,HANDWRITING,https://raw.githubusercontent.com/google/fonts/main/ofl/marckscript/METADATA.pb,https://raw.githubusercontent.com/google/fonts/main/ofl/marckscript/MarckScript-Regular.ttf,https://raw.githubusercontent.com/google/fonts/main/ofl/marckscript/OFL.txt,data/raw/fonts/google_fonts/handwriting/Marck_Script__OFL.txt,"menu,cyrillic,latin,latin-ext"
Courgette,handwriting,test,data/raw/fonts/google_fonts/handwriting/Courgette__Courgette-Regular.ttf,Google Fonts official repository,OFL,42,True,passed,,True,courgette,handwriting,HANDWRITING,https://raw.githubusercontent.com/google/fonts/main/ofl/courgette/METADATA.pb,https://raw.githubusercontent.com/google/fonts/main/ofl/courgette/Courgette-Regular.ttf,https://raw.githubusercontent.com/google/fonts/main/ofl/courgette/OFL.txt,data/raw/fonts/google_fonts/handwriting/Courgette__OFL.txt,"menu,latin,latin-ext"
Dancing Script,handwriting,test,data/raw/fonts/google_fonts/handwriting/Dancing_Script__DancingScript[wght].ttf,Google Fonts official repository,OFL,42,True,passed,,True,dancingscript,handwriting,HANDWRITING,https://raw.githubusercontent.com/google/fonts/main/ofl/dancingscript/METADATA.pb,https://raw.githubusercontent.com/google/fonts/main/ofl/dancingscript/DancingScript%5Bwght%5D.ttf,https://raw.githubusercontent.com/google/fonts/main/ofl/dancingscript/OFL.txt,data/raw/fonts/google_fonts/handwriting/Dancing_Script__OFL.txt,"latin,latin-ext,menu,vietnamese"
Pacifico,handwriting,test,data/raw/fonts/google_fonts/handwriting/Pacifico__Pacifico-Regular.ttf,Google Fonts official repository,OFL,42,True,passed,,True,pacifico,handwriting,HANDWRITING,https://raw.githubusercontent.com/google/fonts/main/ofl/pacifico/METADATA.pb,https://raw.githubusercontent.com/google/fonts/main/ofl/pacifico/Pacifico-Regular.ttf,https://raw.githubusercontent.com/google/fonts/main/ofl/pacifico/OFL.txt,data/raw/fonts/google_fonts/handwriting/Pacifico__OFL.txt,"cyrillic,cyrillic-ext,latin,latin-ext,menu,vietnamese"
Anonymous Pro,monospace,train,data/raw/fonts/google_fonts/monospace/Anonymous_Pro__AnonymousPro-Regular.ttf,Google Fonts official repository,OFL,42,True,passed,,True,anonymouspro,monospace,MONOSPACE,https://raw.githubusercontent.com/google/fonts/main/ofl/anonymouspro/METADATA.pb,https://raw.githubusercontent.com/google/fonts/main/ofl/anonymouspro/AnonymousPro-Regular.ttf,https://raw.githubusercontent.com/google/fonts/main/ofl/anonymouspro/OFL.txt,data/raw/fonts/google_fonts/monospace/Anonymous_Pro__OFL.txt,"cyrillic,greek,latin,latin-ext,menu"
Azeret Mono,monospace,train,data/raw/fonts/google_fonts/monospace/Azeret_Mono__AzeretMono[wght].ttf,Google Fonts official repository,OFL,42,True,passed,,True,azeretmono,monospace,MONOSPACE,https://raw.githubusercontent.com/google/fonts/main/ofl/azeretmono/METADATA.pb,https://raw.githubusercontent.com/google/fonts/main/ofl/azeretmono/AzeretMono%5Bwght%5D.ttf,https://raw.githubusercontent.com/google/fonts/main/ofl/azeretmono/OFL.txt,data/raw/fonts/google_fonts/monospace/Azeret_Mono__OFL.txt,"latin,latin-ext,menu"
DM Mono,monospace,train,data/raw/fonts/google_fonts/monospace/DM_Mono__DMMono-Regular.ttf,Google Fonts official repository,OFL,42,True,passed,,True,dmmono,monospace,MONOSPACE,https://raw.githubusercontent.com/google/fonts/main/ofl/dmmono/METADATA.pb,https://raw.githubusercontent.com/google/fonts/main/ofl/dmmono/DMMono-Regular.ttf,https://raw.githubusercontent.com/google/fonts/main/ofl/dmmono/OFL.txt,data/raw/fonts/google_fonts/monospace/DM_Mono__OFL.txt,"latin,latin-ext,menu"
Fira Code,monospace,train,data/raw/fonts/google_fonts/monospace/Fira_Code__FiraCode[wght].ttf,Google Fonts official repository,OFL,42,True,passed,,True,firacode,monospace,MONOSPACE,https://raw.githubusercontent.com/google/fonts/main/ofl/firacode/METADATA.pb,https://raw.githubusercontent.com/google/fonts/main/ofl/firacode/FiraCode%5Bwght%5D.ttf,https://raw.githubusercontent.com/google/fonts/main/ofl/firacode/OFL.txt,data/raw/fonts/google_fonts/monospace/Fira_Code__OFL.txt,"cyrillic,cyrillic-ext,greek,greek-ext,latin,latin-ext,symbols2,menu"
JetBrains Mono,monospace,train,data/raw/fonts/google_fonts/monospace/JetBrains_Mono__JetBrainsMono[wght].ttf,Google Fonts official repository,OFL,42,True,passed,,True,jetbrainsmono,monospace,MONOSPACE,https://raw.githubusercontent.com/google/fonts/main/ofl/jetbrainsmono/METADATA.pb,https://raw.githubusercontent.com/google/fonts/main/ofl/jetbrainsmono/JetBrainsMono%5Bwght%5D.ttf,https://raw.githubusercontent.com/google/fonts/main/ofl/jetbrainsmono/OFL.txt,data/raw/fonts/google_fonts/monospace/JetBrains_Mono__OFL.txt,"cyrillic,cyrillic-ext,greek,latin,latin-ext,menu,vietnamese"
Overpass Mono,monospace,train,data/raw/fonts/google_fonts/monospace/Overpass_Mono__OverpassMono[wght].ttf,Google Fonts official repository,OFL,42,True,passed,,True,overpassmono,monospace,MONOSPACE,https://raw.githubusercontent.com/google/fonts/main/ofl/overpassmono/METADATA.pb,https://raw.githubusercontent.com/google/fonts/main/ofl/overpassmono/OverpassMono%5Bwght%5D.ttf,https://raw.githubusercontent.com/google/fonts/main/ofl/overpassmono/OFL.txt,data/raw/fonts/google_fonts/monospace/Overpass_Mono__OFL.txt,"cyrillic,cyrillic-ext,latin,latin-ext,menu,vietnamese"
Oxygen Mono,monospace,train,data/raw/fonts/google_fonts/monospace/Oxygen_Mono__OxygenMono-Regular.ttf,Google Fonts official repository,OFL,42,True,passed,,True,oxygenmono,monospace,MONOSPACE,https://raw.githubusercontent.com/google/fonts/main/ofl/oxygenmono/METADATA.pb,https://raw.githubusercontent.com/google/fonts/main/ofl/oxygenmono/OxygenMono-Regular.ttf,https://raw.githubusercontent.com/google/fonts/main/ofl/oxygenmono/OFL.txt,data/raw/fonts/google_fonts/monospace/Oxygen_Mono__OFL.txt,"menu,latin,latin-ext"
PT Mono,monospace,train,data/raw/fonts/google_fonts/monospace/PT_Mono__PTM55FT.ttf,Google Fonts official repository,OFL,42,True,passed,,True,ptmono,monospace,MONOSPACE,https://raw.githubusercontent.com/google/fonts/main/ofl/ptmono/METADATA.pb,https://raw.githubusercontent.com/google/fonts/main/ofl/ptmono/PTM55FT.ttf,https://raw.githubusercontent.com/google/fonts/main/ofl/ptmono/OFL.txt,data/raw/fonts/google_fonts/monospace/PT_Mono__OFL.txt,"menu,cyrillic,cyrillic-ext,latin,latin-ext"
Share Tech Mono,monospace,train,data/raw/fonts/google_fonts/monospace/Share_Tech_Mono__ShareTechMono-Regular.ttf,Google Fonts official repository,OFL,42,True,passed,,True,sharetechmono,monospace,MONOSPACE,https://raw.githubusercontent.com/google/fonts/main/ofl/sharetechmono/METADATA.pb,https://raw.githubusercontent.com/google/fonts/main/ofl/sharetechmono/ShareTechMono-Regular.ttf,https://raw.githubusercontent.com/google/fonts/main/ofl/sharetechmono/OFL.txt,data/raw/fonts/google_fonts/monospace/Share_Tech_Mono__OFL.txt,"menu,latin"
Source Code Pro,monospace,train,data/raw/fonts/google_fonts/monospace/Source_Code_Pro__SourceCodePro[wght].ttf,Google Fonts official repository,OFL,42,True,passed,,True,sourcecodepro,monospace,MONOSPACE,https://raw.githubusercontent.com/google/fonts/main/ofl/sourcecodepro/METADATA.pb,https://raw.githubusercontent.com/google/fonts/main/ofl/sourcecodepro/SourceCodePro%5Bwght%5D.ttf,https://raw.githubusercontent.com/google/fonts/main/ofl/sourcecodepro/OFL.txt,data/raw/fonts/google_fonts/monospace/Source_Code_Pro__OFL.txt,"cyrillic,cyrillic-ext,greek,greek-ext,latin,latin-ext,menu,vietnamese"
Space Mono,monospace,train,data/raw/fonts/google_fonts/monospace/Space_Mono__SpaceMono-Regular.ttf,Google Fonts official repository,OFL,42,True,passed,,True,spacemono,monospace,MONOSPACE,https://raw.githubusercontent.com/google/fonts/main/ofl/spacemono/METADATA.pb,https://raw.githubusercontent.com/google/fonts/main/ofl/spacemono/SpaceMono-Regular.ttf,https://raw.githubusercontent.com/google/fonts/main/ofl/spacemono/OFL.txt,data/raw/fonts/google_fonts/monospace/Space_Mono__OFL.txt,"latin,latin-ext,menu,vietnamese"
Ubuntu Mono,monospace,train,data/raw/fonts/google_fonts/monospace/Ubuntu_Mono__UbuntuMono-Regular.ttf,Google Fonts official repository,UFL,42,True,passed,,True,ubuntumono,monospace,MONOSPACE,https://raw.githubusercontent.com/google/fonts/main/ufl/ubuntumono/METADATA.pb,https://raw.githubusercontent.com/google/fonts/main/ufl/ubuntumono/UbuntuMono-Regular.ttf,https://raw.githubusercontent.com/google/fonts/main/ufl/ubuntumono/UFL.txt,data/raw/fonts/google_fonts/monospace/Ubuntu_Mono__UFL.txt,"menu,cyrillic,cyrillic-ext,greek,greek-ext,latin,latin-ext"
Cousine,monospace,validation,data/raw/fonts/google_fonts/monospace/Cousine__Cousine-Regular.ttf,Google Fonts official repository,OFL,42,True,passed,,True,cousine,monospace,MONOSPACE,https://raw.githubusercontent.com/google/fonts/main/ofl/cousine/METADATA.pb,https://raw.githubusercontent.com/google/fonts/main/ofl/cousine/Cousine-Regular.ttf,https://raw.githubusercontent.com/google/fonts/main/ofl/cousine/OFL.txt,data/raw/fonts/google_fonts/monospace/Cousine__OFL.txt,"cyrillic,cyrillic-ext,greek,greek-ext,hebrew,latin,latin-ext,menu,vietnamese"
Cutive Mono,monospace,validation,data/raw/fonts/google_fonts/monospace/Cutive_Mono__CutiveMono-Regular.ttf,Google Fonts official repository,OFL,42,True,passed,,True,cutivemono,monospace,MONOSPACE,https://raw.githubusercontent.com/google/fonts/main/ofl/cutivemono/METADATA.pb,https://raw.githubusercontent.com/google/fonts/main/ofl/cutivemono/CutiveMono-Regular.ttf,https://raw.githubusercontent.com/google/fonts/main/ofl/cutivemono/OFL.txt,data/raw/fonts/google_fonts/monospace/Cutive_Mono__OFL.txt,"latin,latin-ext,menu"
IBM Plex Mono,monospace,validation,data/raw/fonts/google_fonts/monospace/IBM_Plex_Mono__IBMPlexMono-Regular.ttf,Google Fonts official repository,OFL,42,True,passed,,True,ibmplexmono,monospace,MONOSPACE,https://raw.githubusercontent.com/google/fonts/main/ofl/ibmplexmono/METADATA.pb,https://raw.githubusercontent.com/google/fonts/main/ofl/ibmplexmono/IBMPlexMono-Regular.ttf,https://raw.githubusercontent.com/google/fonts/main/ofl/ibmplexmono/OFL.txt,data/raw/fonts/google_fonts/monospace/IBM_Plex_Mono__OFL.txt,"cyrillic,cyrillic-ext,latin,latin-ext,menu,vietnamese"
Fira Mono,monospace,test,data/raw/fonts/google_fonts/monospace/Fira_Mono__FiraMono-Regular.ttf,Google Fonts official repository,OFL,42,True,passed,,True,firamono,monospace,MONOSPACE,https://raw.githubusercontent.com/google/fonts/main/ofl/firamono/METADATA.pb,https://raw.githubusercontent.com/google/fonts/main/ofl/firamono/FiraMono-Regular.ttf,https://raw.githubusercontent.com/google/fonts/main/ofl/firamono/OFL.txt,data/raw/fonts/google_fonts/monospace/Fira_Mono__OFL.txt,"cyrillic,cyrillic-ext,greek,greek-ext,latin,latin-ext,menu,symbols2"
Roboto Mono,monospace,test,data/raw/fonts/google_fonts/monospace/Roboto_Mono__RobotoMono[wght].ttf,Google Fonts official repository,OFL,42,True,passed,,True,robotomono,monospace,MONOSPACE,https://raw.githubusercontent.com/google/fonts/main/ofl/robotomono/METADATA.pb,https://raw.githubusercontent.com/google/fonts/main/ofl/robotomono/RobotoMono%5Bwght%5D.ttf,https://raw.githubusercontent.com/google/fonts/main/ofl/robotomono/OFL.txt,data/raw/fonts/google_fonts/monospace/Roboto_Mono__OFL.txt,"cyrillic,cyrillic-ext,greek,latin,latin-ext,menu,vietnamese"
Sometype Mono,monospace,test,data/raw/fonts/google_fonts/monospace/Sometype_Mono__SometypeMono[wght].ttf,Google Fonts official repository,OFL,42,True,passed,,True,sometypemono,monospace,MONOSPACE,https://raw.githubusercontent.com/google/fonts/main/ofl/sometypemono/METADATA.pb,https://raw.githubusercontent.com/google/fonts/main/ofl/sometypemono/SometypeMono%5Bwght%5D.ttf,https://raw.githubusercontent.com/google/fonts/main/ofl/sometypemono/OFL.txt,data/raw/fonts/google_fonts/monospace/Sometype_Mono__OFL.txt,"latin,latin-ext,menu"
