family,category,path,source,license,exclusion_reason,selection_seed,latin_support,validation_status,failure_reason,usable,slug,catalog_category,metadata_category,metadata_url,source_url,license_url,license_path,subsets
Arvo,serif,data/raw/fonts/google_fonts/serif/Arvo__Arvo-Regular.ttf,Google Fonts official repository,OFL,not selected for balanced 18-family category sample,42,True,passed,,True,arvo,serif,SERIF,https://raw.githubusercontent.com/google/fonts/main/ofl/arvo/METADATA.pb,https://raw.githubusercontent.com/google/fonts/main/ofl/arvo/Arvo-Regular.ttf,https://raw.githubusercontent.com/google/fonts/main/ofl/arvo/OFL.txt,data/raw/fonts/google_fonts/serif/Arvo__OFL.txt,"latin,menu"
Bitter,serif,data/raw/fonts/google_fonts/serif/Bitter__Bitter[wght].ttf,Google Fonts official repository,OFL,not selected for balanced 18-family category sample,42,True,passed,,True,bitter,serif,SERIF,https://raw.githubusercontent.com/google/fonts/main/ofl/bitter/METADATA.pb,https://raw.githubusercontent.com/google/fonts/main/ofl/bitter/Bitter%5Bwght%5D.ttf,https://raw.githubusercontent.com/google/fonts/main/ofl/bitter/OFL.txt,data/raw/fonts/google_fonts/serif/Bitter__OFL.txt,"cyrillic,cyrillic-ext,latin,latin-ext,menu,vietnamese"
Cardo,serif,data/raw/fonts/google_fonts/serif/Cardo__Cardo-Regular.ttf,Google Fonts official repository,OFL,not selected for balanced 18-family category sample,42,True,passed,,True,cardo,serif,SERIF,https://raw.githubusercontent.com/google/fonts/main/ofl/cardo/METADATA.pb,https://raw.githubusercontent.com/google/fonts/main/ofl/cardo/Cardo-Regular.ttf,https://raw.githubusercontent.com/google/fonts/main/ofl/cardo/OFL.txt,data/raw/fonts/google_fonts/serif/Cardo__OFL.txt,"gothic,greek,greek-ext,hebrew,latin,latin-ext,menu,old-italic,runic"
EB Garamond,serif,data/raw/fonts/google_fonts/serif/EB_Garamond__EBGaramond[wght].ttf,Google Fonts official repository,OFL,not selected for balanced 18-family category sample,42,True,passed,,True,ebgaramond,serif,SERIF,https://raw.githubusercontent.com/google/fonts/main/ofl/ebgaramond/METADATA.pb,https://raw.githubusercontent.com/google/fonts/main/ofl/ebgaramond/EBGaramond%5Bwght%5D.ttf,https://raw.githubusercontent.com/google/fonts/main/ofl/ebgaramond/OFL.txt,data/raw/fonts/google_fonts/serif/EB_Garamond__OFL.txt,"cyrillic,cyrillic-ext,greek,greek-ext,latin,latin-ext,menu,vietnamese"
Lora,serif,data/raw/fonts/google_fonts/serif/Lora__Lora[wght].ttf,Google Fonts official repository,OFL,not selected for balanced 18-family category sample,42,True,passed,,True,lora,serif,SERIF,https://raw.githubusercontent.com/google/fonts/main/ofl/lora/METADATA.pb,https://raw.githubusercontent.com/google/fonts/main/ofl/lora/Lora%5Bwght%5D.ttf,https://raw.githubusercontent.com/google/fonts/main/ofl/lora/OFL.txt,data/raw/fonts/google_fonts/serif/Lora__OFL.txt,"cyrillic,cyrillic-ext,latin,latin-ext,math,menu,symbols,vietnamese"
Spectral,serif,data/raw/fonts/google_fonts/serif/Spectral__Spectral-Regular.ttf,Google Fonts official repository,OFL,not selected for balanced 18-family category sample,42,True,passed,,True,spectral,serif,SERIF,https://raw.githubusercontent.com/google/fonts/main/ofl/spectral/METADATA.pb,https://raw.githubusercontent.com/google/fonts/main/ofl/spectral/Spectral-Regular.ttf,https://raw.githubusercontent.com/google/fonts/main/ofl/spectral/OFL.txt,data/raw/fonts/google_fonts/serif/Spectral__OFL.txt,"cyrillic,cyrillic-ext,latin,latin-ext,menu,vietnamese"
Vollkorn,serif,data/raw/fonts/google_fonts/serif/Vollkorn__Vollkorn[wght].ttf,Google Fonts official repository,OFL,not selected for balanced 18-family category sample,42,True,passed,,True,vollkorn,serif,SERIF,https://raw.githubusercontent.com/google/fonts/main/ofl/vollkorn/METADATA.pb,https://raw.githubusercontent.com/google/fonts/main/ofl/vollkorn/Vollkorn%5Bwght%5D.ttf,https://raw.githubusercontent.com/google/fonts/main/ofl/vollkorn/OFL.txt,data/raw/fonts/google_fonts/serif/Vollkorn__OFL.txt,"cyrillic,cyrillic-ext,greek,latin,latin-ext,menu,vietnamese"
Cabin,sans_serif,"data/raw/fonts/google_fonts/sans_serif/Cabin__Cabin[wdth,wght].ttf",Google Fonts official repository,OFL,not selected for balanced 18-family category sample,42,True,passed,,True,cabin,sans_serif,SANS_SERIF,https://raw.githubusercontent.com/google/fonts/main/ofl/cabin/METADATA.pb,https://raw.githubusercontent.com/google/fonts/main/ofl/cabin/Cabin%5Bwdth%2Cwght%5D.ttf,https://raw.githubusercontent.com/google/fonts/main/ofl/cabin/OFL.txt,data/raw/fonts/google_fonts/sans_serif/Cabin__OFL.txt,"latin,latin-ext,menu,vietnamese"
DM Sans,sans_serif,"data/raw/fonts/google_fonts/sans_serif/DM_Sans__DMSans[opsz,wght].ttf",Google Fonts official repository,OFL,not selected for balanced 18-family category sample,42,True,passed,,True,dmsans,sans_serif,SANS_SERIF,https://raw.githubusercontent.com/google/fonts/main/ofl/dmsans/METADATA.pb,https://raw.githubusercontent.com/google/fonts/main/ofl/dmsans/DMSans%5Bopsz%2Cwght%5D.ttf,https://raw.githubusercontent.com/google/fonts/main/ofl/dmsans/OFL.txt,data/raw/fonts/google_fonts/sans_serif/DM_Sans__OFL.txt,"latin,latin-ext,menu"
Maven Pro,sans_serif,data/raw/fonts/google_fonts/sans_serif/Maven_Pro__MavenPro[wght].ttf,Google Fonts official repository,OFL,not selected for balanced 18-family category sample,42,True,passed,,True,mavenpro,sans_serif,SANS_SERIF,https://raw.githubusercontent.com/google/fonts/main/ofl/mavenpro/METADATA.pb,https://raw.githubusercontent.com/google/fonts/main/ofl/mavenpro/MavenPro%5Bwght%5D.ttf,https://raw.githubusercontent.com/google/fonts/main/ofl/mavenpro/OFL.txt,data/raw/fonts/google_fonts/sans_serif/Maven_Pro__OFL.txt,"latin,latin-ext,menu,vietnamese"
Nunito,sans_serif,data/raw/fonts/google_fonts/sans_serif/Nunito__Nunito[wght].ttf,Google Fonts official repository,OFL,not selected for balanced 18-family category sample,42,True,passed,,True,nunito,sans_serif,SANS_SERIF,https://raw.githubusercontent.com/google/fonts/main/ofl/nunito/METADATA.pb,https://raw.githubusercontent.com/google/fonts/main/ofl/nunito/Nunito%5Bwght%5D.ttf,https://raw.githubusercontent.com/google/fonts/main/ofl/nunito/OFL.txt,data/raw/fonts/google_fonts/sans_serif/Nunito__OFL.txt,"cyrillic,cyrillic-ext,latin,latin-ext,menu,vietnamese"
Quicksand,sans_serif,data/raw/fonts/google_fonts/sans_serif/Quicksand__Quicksand[wght].ttf,Google Fonts official repository,OFL,not selected for balanced 18-family category sample,42,True,passed,,True,quicksand,sans_serif,SANS_SERIF,https://raw.githubusercontent.com/google/fonts/main/ofl/quicksand/METADATA.pb,https://raw.githubusercontent.com/google/fonts/main/ofl/quicksand/Quicksand%5Bwght%5D.ttf,https://raw.githubusercontent.com/google/fonts/main/ofl/quicksand/OFL.txt,data/raw/fonts/google_fonts/sans_serif/Quicksand__OFL.txt,"latin,latin-ext,menu,vietnamese"
Source Sans 3,sans_serif,data/raw/fonts/google_fonts/sans_serif/Source_Sans_3__SourceSans3[wght].ttf,Google Fonts official repository,OFL,not selected for balanced 18-family category sample,42,True,passed,,True,sourcesans3,sans_serif,SANS_SERIF,https://raw.githubusercontent.com/google/fonts/main/ofl/sourcesans3/METADATA.pb,https://raw.githubusercontent.com/google/fonts/main/ofl/sourcesans3/SourceSans3%5Bwght%5D.ttf,https://raw.githubusercontent.com/google/fonts/main/ofl/sourcesans3/OFL.txt,data/raw/fonts/google_fonts/sans_serif/Source_Sans_3__OFL.txt,"cyrillic,cyrillic-ext,greek,greek-ext,latin,latin-ext,menu,vietnamese"
Ubuntu,sans_serif,data/raw/fonts/google_fonts/sans_serif/Ubuntu__Ubuntu-Regular.ttf,Google Fonts official repository,UFL,not selected for balanced 18-family category sample,42,True,passed,,True,ubuntu,sans_serif,SANS_SERIF,https://raw.githubusercontent.com/google/fonts/main/ufl/ubuntu/METADATA.pb,https://raw.githubusercontent.com/google/fonts/main/ufl/ubuntu/Ubuntu-Regular.ttf,https://raw.githubusercontent.com/google/fonts/main/ufl/ubuntu/UFL.txt,data/raw/fonts/google_fonts/sans_serif/Ubuntu__UFL.txt,"cyrillic,cyrillic-ext,greek,greek-ext,latin,latin-ext,menu"
Bangers,display,data/raw/fonts/google_fonts/display/Bangers__Bangers-Regular.ttf,Google Fonts official repository,OFL,not selected for balanced 18-family category sample,42,True,passed,,True,bangers,display,DISPLAY,https://raw.githubusercontent.com/google/fonts/main/ofl/bangers/METADATA.pb,https://raw.githubusercontent.com/google/fonts/main/ofl/bangers/Bangers-Regular.ttf,https://raw.githubusercontent.com/google/fonts/main/ofl/bangers/OFL.txt,data/raw/fonts/google_fonts/display/Bangers__OFL.txt,"latin,latin-ext,menu,vietnamese"
Faster One,display,data/raw/fonts/google_fonts/display/Faster_One__FasterOne-Regular.ttf,Google Fonts official repository,OFL,not selected for balanced 18-family category sample,42,True,passed,,True,fasterone,display,DISPLAY,https://raw.githubusercontent.com/google/fonts/main/ofl/fasterone/METADATA.pb,https://raw.githubusercontent.com/google/fonts/main/ofl/fasterone/FasterOne-Regular.ttf,https://raw.githubusercontent.com/google/fonts/main/ofl/fasterone/OFL.txt,data/raw/fonts/google_fonts/display/Faster_One__OFL.txt,"latin,latin-ext,menu"
Limelight,display,data/raw/fonts/google_fonts/display/Limelight__Limelight-Regular.ttf,Google Fonts official repository,OFL,not selected for balanced 18-family category sample,42,True,passed,,True,limelight,display,DISPLAY,https://raw.githubusercontent.com/google/fonts/main/ofl/limelight/METADATA.pb,https://raw.githubusercontent.com/google/fonts/main/ofl/limelight/Limelight-Regular.ttf,https://raw.githubusercontent.com/google/fonts/main/ofl/limelight/OFL.txt,data/raw/fonts/google_fonts/display/Limelight__OFL.txt,"menu,latin,latin-ext"
Nosifer,display,data/raw/fonts/google_fonts/display/Nosifer__Nosifer-Regular.ttf,Google Fonts official repository,OFL,not selected for balanced 18-family category sample,42,True,passed,,True,nosifer,display,DISPLAY,https://raw.githubusercontent.com/google/fonts/main/ofl/nosifer/METADATA.pb,https://raw.githubusercontent.com/google/fonts/main/ofl/nosifer/Nosifer-Regular.ttf,https://raw.githubusercontent.com/google/fonts/main/ofl/nosifer/OFL.txt,data/raw/fonts/google_fonts/display/Nosifer__OFL.txt,"menu,latin,latin-ext"
Press Start 2P,display,data/raw/fonts/google_fonts/display/Press_Start_2P__PressStart2P-Regular.ttf,Google Fonts official repository,OFL,not selected for balanced 18-family category sample,42,True,passed,,True,pressstart2p,display,DISPLAY,https://raw.githubusercontent.com/google/fonts/main/ofl/pressstart2p/METADATA.pb,https://raw.githubusercontent.com/google/fonts/main/ofl/pressstart2p/PressStart2P-Regular.ttf,https://raw.githubusercontent.com/google/fonts/main/ofl/pressstart2p/OFL.txt,data/raw/fonts/google_fonts/display/Press_Start_2P__OFL.txt,"cyrillic,cyrillic-ext,greek,latin,latin-ext,menu"
Special Elite,display,data/raw/fonts/google_fonts/display/Special_Elite__SpecialElite-Regular.ttf,Google Fonts official repository,APACHE2,not selected for balanced 18-family category sample,42,True,passed,,True,specialelite,display,DISPLAY,https://raw.githubusercontent.com/google/fonts/main/apache/specialelite/METADATA.pb,https://raw.githubusercontent.com/google/fonts/main/apache/specialelite/SpecialElite-Regular.ttf,https://raw.githubusercontent.com/google/fonts/main/apache/specialelite/LICENSE.txt,data/raw/fonts/google_fonts/display/Special_Elite__LICENSE.txt,"latin,menu"
Alex Brush,handwriting,data/raw/fonts/google_fonts/handwriting/Alex_Brush__AlexBrush-Regular.ttf,Google Fonts official repository,OFL,not selected for balanced 18-family category sample,42,True,passed,,True,alexbrush,handwriting,HANDWRITING,https://raw.githubusercontent.com/google/fonts/main/ofl/alexbrush/METADATA.pb,https://raw.githubusercontent.com/google/fonts/main/ofl/alexbrush/AlexBrush-Regular.ttf,https://raw.githubusercontent.com/google/fonts/main/ofl/alexbrush/OFL.txt,data/raw/fonts/google_fonts/handwriting/Alex_Brush__OFL.txt,"latin,latin-ext,menu,vietnamese"
Handlee,handwriting,data/raw/fonts/google_fonts/handwriting/Handlee__Handlee-Regular.ttf,Google Fonts official repository,OFL,not selected for balanced 18-family category sample,42,True,passed,,True,handlee,handwriting,HANDWRITING,https://raw.githubusercontent.com/google/fonts/main/ofl/handlee/METADATA.pb,https://raw.githubusercontent.com/google/fonts/main/ofl/handlee/Handlee-Regular.ttf,https://raw.githubusercontent.com/google/fonts/main/ofl/handlee/OFL.txt,data/raw/fonts/google_fonts/handwriting/Handlee__OFL.txt,"menu,latin,latin-ext"
Nothing You Could Do,handwriting,data/raw/fonts/google_fonts/handwriting/Nothing_You_Could_Do__NothingYouCouldDo.ttf,Google Fonts official repository,OFL,not selected for balanced 18-family category sample,42,True,passed,,True,nothingyoucoulddo,handwriting,HANDWRITING,https://raw.githubusercontent.com/google/fonts/main/ofl/nothingyoucoulddo/METADATA.pb,https://raw.githubusercontent.com/google/fonts/main/ofl/nothingyoucoulddo/NothingYouCouldDo.ttf,https://raw.githubusercontent.com/google/fonts/main/ofl/nothingyoucoulddo/OFL.txt,data/raw/fonts/google_fonts/handwriting/Nothing_You_Could_Do__OFL.txt,"menu,latin"
Permanent Marker,handwriting,data/raw/fonts/google_fonts/handwriting/Permanent_Marker__PermanentMarker-Regular.ttf,Google Fonts official repository,APACHE2,not selected for balanced 18-family category sample,42,True,passed,,True,permanentmarker,handwriting,HANDWRITING,https://raw.githubusercontent.com/google/fonts/main/apache/permanentmarker/METADATA.pb,https://raw.githubusercontent.com/google/fonts/main/apache/permanentmarker/PermanentMarker-Regular.ttf,https://raw.githubusercontent.com/google/fonts/main/apache/permanentmarker/LICENSE.txt,data/raw/fonts/google_fonts/handwriting/Permanent_Marker__LICENSE.txt,"latin,menu"
Sacramento,handwriting,data/raw/fonts/google_fonts/handwriting/Sacramento__Sacramento-Regular.ttf,Google Fonts official repository,OFL,not selected for balanced 18-family category sample,42,True,passed,,True,sacramento,handwriting,HANDWRITING,https://raw.githubusercontent.com/google/fonts/main/ofl/sacramento/METADATA.pb,https://raw.githubusercontent.com/google/fonts/main/ofl/sacramento/Sacramento-Regular.ttf,https://raw.githubusercontent.com/google/fonts/main/ofl/sacramento/OFL.txt,data/raw/fonts/google_fonts/handwriting/Sacramento__OFL.txt,"menu,latin,latin-ext"
Satisfy,handwriting,data/raw/fonts/google_fonts/handwriting/Satisfy__Satisfy-Regular.ttf,Google Fonts official repository,APACHE2,not selected for balanced 18-family category sample,42,True,passed,,True,satisfy,handwriting,HANDWRITING,https://raw.githubusercontent.com/google/fonts/main/apache/satisfy/METADATA.pb,https://raw.githubusercontent.com/google/fonts/main/apache/satisfy/Satisfy-Regular.ttf,https://raw.githubusercontent.com/google/fonts/main/apache/satisfy/LICENSE.txt,data/raw/fonts/google_fonts/handwriting/Satisfy__LICENSE.txt,"latin,menu"
Shadows Into Light,handwriting,data/raw/fonts/google_fonts/handwriting/Shadows_Into_Light__ShadowsIntoLight.ttf,Google Fonts official repository,OFL,not selected for balanced 18-family category sample,42,True,passed,,True,shadowsintolight,handwriting,HANDWRITING,https://raw.githubusercontent.com/google/fonts/main/ofl/shadowsintolight/METADATA.pb,https://raw.githubusercontent.com/google/fonts/main/ofl/shadowsintolight/ShadowsIntoLight.ttf,https://raw.githubusercontent.com/google/fonts/main/ofl/shadowsintolight/OFL.txt,data/raw/fonts/google_fonts/handwriting/Shadows_Into_Light__OFL.txt,"menu,latin"
