family,category,source,license,path,latin_support,validation_status,failure_reason,usable,slug,repository_folder,source_commit,metadata_url,font_url,license_url,license_path,subsets,font_sha256,font_size_bytes,exclusion_reason
Cormorant Garamond,serif,Google Fonts official repository,OFL,data/v2/raw/fonts/serif/Cormorant_Garamond__CormorantGaramond[wght].ttf,True,passed,,True,cormorantgaramond,ofl,e1118da94a8cb00cf6d06cdac9ef13eb1e5c6ab7,https://raw.githubusercontent.com/google/fonts/e1118da94a8cb00cf6d06cdac9ef13eb1e5c6ab7/ofl/cormorantgaramond/METADATA.pb,https://raw.githubusercontent.com/google/fonts/e1118da94a8cb00cf6d06cdac9ef13eb1e5c6ab7/ofl/cormorantgaramond/CormorantGaramond%5Bwght%5D.ttf,https://raw.githubusercontent.com/google/fonts/e1118da94a8cb00cf6d06cdac9ef13eb1e5c6ab7/ofl/cormorantgaramond/OFL.txt,data/v2/raw/fonts/serif/Cormorant_Garamond__OFL.txt,"cyrillic,cyrillic-ext,latin,latin-ext,menu,vietnamese",b20b7d9626dd956b2c5e558692ad328b1f19e3275e2782db4fa07670d83f35e0,1195560,protected historical V1 test family
Libre Baskerville,serif,Google Fonts official repository,OFL,data/v2/raw/fonts/serif/Libre_Baskerville__LibreBaskerville[wght].ttf,True,passed,,True,librebaskerville,ofl,e1118da94a8cb00cf6d06cdac9ef13eb1e5c6ab7,https://raw.githubusercontent.com/google/fonts/e1118da94a8cb00cf6d06cdac9ef13eb1e5c6ab7/ofl/librebaskerville/METADATA.pb,https://raw.githubusercontent.com/google/fonts/e1118da94a8cb00cf6d06cdac9ef13eb1e5c6ab7/ofl/librebaskerville/LibreBaskerville%5Bwght%5D.ttf,https://raw.githubusercontent.com/google/fonts/e1118da94a8cb00cf6d06cdac9ef13eb1e5c6ab7/ofl/librebaskerville/OFL.txt,data/v2/raw/fonts/serif/Libre_Baskerville__OFL.txt,"latin,latin-ext,menu",05a95421961341c5b2556285e8415df9db27dab4f4abe22b446b3c6a8b916c5d,171900,protected historical V1 test family
Merriweather,serif,Google Fonts official repository,OFL,"data/v2/raw/fonts/serif/Merriweather__Merriweather[opsz,wdth,wght].ttf",True,passed,,True,merriweather,ofl,e1118da94a8cb00cf6d06cdac9ef13eb1e5c6ab7,https://raw.githubusercontent.com/google/fonts/e1118da94a8cb00cf6d06cdac9ef13eb1e5c6ab7/ofl/merriweather/METADATA.pb,https://raw.githubusercontent.com/google/fonts/e1118da94a8cb00cf6d06cdac9ef13eb1e5c6ab7/ofl/merriweather/Merriweather%5Bopsz%2Cwdth%2Cwght%5D.ttf,https://raw.githubusercontent.com/google/fonts/e1118da94a8cb00cf6d06cdac9ef13eb1e5c6ab7/ofl/merriweather/OFL.txt,data/v2/raw/fonts/serif/Merriweather__OFL.txt,"cyrillic,cyrillic-ext,latin,latin-ext,menu,vietnamese",d0ed0e359e396af7ad05e73dffd11a3a4c326ea0d0283c56bd9361cb2cc86a96,4628080,protected historical V1 test family
Almendra,serif,Google Fonts official repository,OFL,data/v2/raw/fonts/serif/Almendra__Almendra-Regular.ttf,True,passed,,True,almendra,ofl,e1118da94a8cb00cf6d06cdac9ef13eb1e5c6ab7,https://raw.githubusercontent.com/google/fonts/e1118da94a8cb00cf6d06cdac9ef13eb1e5c6ab7/ofl/almendra/METADATA.pb,https://raw.githubusercontent.com/google/fonts/e1118da94a8cb00cf6d06cdac9ef13eb1e5c6ab7/ofl/almendra/Almendra-Regular.ttf,https://raw.githubusercontent.com/google/fonts/e1118da94a8cb00cf6d06cdac9ef13eb1e5c6ab7/ofl/almendra/OFL.txt,data/v2/raw/fonts/serif/Almendra__OFL.txt,"latin,latin-ext,menu",b127a6121209353b53da9ce73bf9d350f74190d8384c28ede179e4fb9440f946,68684,not selected for balanced V2 family sample
Antic Didone,serif,Google Fonts official repository,OFL,data/v2/raw/fonts/serif/Antic_Didone__AnticDidone-Regular.ttf,True,passed,,True,anticdidone,ofl,e1118da94a8cb00cf6d06cdac9ef13eb1e5c6ab7,https://raw.githubusercontent.com/google/fonts/e1118da94a8cb00cf6d06cdac9ef13eb1e5c6ab7/ofl/anticdidone/METADATA.pb,https://raw.githubusercontent.com/google/fonts/e1118da94a8cb00cf6d06cdac9ef13eb1e5c6ab7/ofl/anticdidone/AnticDidone-Regular.ttf,https://raw.githubusercontent.com/google/fonts/e1118da94a8cb00cf6d06cdac9ef13eb1e5c6ab7/ofl/anticdidone/OFL.txt,data/v2/raw/fonts/serif/Antic_Didone__OFL.txt,"latin,menu",63a560792f0cb5342c0da7759c9df2e1ce0324a8af46ae976d9458fbcccbb440,39668,not selected for balanced V2 family sample
Baskervville,serif,Google Fonts official repository,OFL,data/v2/raw/fonts/serif/Baskervville__Baskervville[wght].ttf,True,passed,,True,baskervville,ofl,e1118da94a8cb00cf6d06cdac9ef13eb1e5c6ab7,https://raw.githubusercontent.com/google/fonts/e1118da94a8cb00cf6d06cdac9ef13eb1e5c6ab7/ofl/baskervville/METADATA.pb,https://raw.githubusercontent.com/google/fonts/e1118da94a8cb00cf6d06cdac9ef13eb1e5c6ab7/ofl/baskervville/Baskervville%5Bwght%5D.ttf,https://raw.githubusercontent.com/google/fonts/e1118da94a8cb00cf6d06cdac9ef13eb1e5c6ab7/ofl/baskervville/OFL.txt,data/v2/raw/fonts/serif/Baskervville__OFL.txt,"latin,latin-ext,menu",a08bcf988383b344aacfd34365a8cd408a4a9665caaf19dc0d716a93833a0fa7,140076,not selected for balanced V2 family sample
Belgrano,serif,Google Fonts official repository,OFL,data/v2/raw/fonts/serif/Belgrano__Belgrano-Regular.ttf,True,passed,,True,belgrano,ofl,e1118da94a8cb00cf6d06cdac9ef13eb1e5c6ab7,https://raw.githubusercontent.com/google/fonts/e1118da94a8cb00cf6d06cdac9ef13eb1e5c6ab7/ofl/belgrano/METADATA.pb,https://raw.githubusercontent.com/google/fonts/e1118da94a8cb00cf6d06cdac9ef13eb1e5c6ab7/ofl/belgrano/Belgrano-Regular.ttf,https://raw.githubusercontent.com/google/fonts/e1118da94a8cb00cf6d06cdac9ef13eb1e5c6ab7/ofl/belgrano/OFL.txt,data/v2/raw/fonts/serif/Belgrano__OFL.txt,"latin,menu",5bf095dfbc56718bea7d74c0b30c36413714aaf8833d2cb012b604b64fd383d9,29048,not selected for balanced V2 family sample
BioRhyme Expanded,serif,Google Fonts official repository,OFL,data/v2/raw/fonts/serif/BioRhyme_Expanded__BioRhymeExpanded-Regular.ttf,True,passed,,True,biorhymeexpanded,ofl,e1118da94a8cb00cf6d06cdac9ef13eb1e5c6ab7,https://raw.githubusercontent.com/google/fonts/e1118da94a8cb00cf6d06cdac9ef13eb1e5c6ab7/ofl/biorhymeexpanded/METADATA.pb,https://raw.githubusercontent.com/google/fonts/e1118da94a8cb00cf6d06cdac9ef13eb1e5c6ab7/ofl/biorhymeexpanded/BioRhymeExpanded-Regular.ttf,https://raw.githubusercontent.com/google/fonts/e1118da94a8cb00cf6d06cdac9ef13eb1e5c6ab7/ofl/biorhymeexpanded/OFL.txt,data/v2/raw/fonts/serif/BioRhyme_Expanded__OFL.txt,"latin,latin-ext,menu",e75a7c996c8884d3d26c0823e7cfbf3cf404d27a36ddff715f6dfd95389affa7,100672,not selected for balanced V2 family sample
Cormorant SC,serif,Google Fonts official repository,OFL,data/v2/raw/fonts/serif/Cormorant_SC__CormorantSC-Regular.ttf,True,passed,,True,cormorantsc,ofl,e1118da94a8cb00cf6d06cdac9ef13eb1e5c6ab7,https://raw.githubusercontent.com/google/fonts/e1118da94a8cb00cf6d06cdac9ef13eb1e5c6ab7/ofl/cormorantsc/METADATA.pb,https://raw.githubusercontent.com/google/fonts/e1118da94a8cb00cf6d06cdac9ef13eb1e5c6ab7/ofl/cormorantsc/CormorantSC-Regular.ttf,https://raw.githubusercontent.com/google/fonts/e1118da94a8cb00cf6d06cdac9ef13eb1e5c6ab7/ofl/cormorantsc/OFL.txt,data/v2/raw/fonts/serif/Cormorant_SC__OFL.txt,"cyrillic,cyrillic-ext,latin,latin-ext,menu,vietnamese",a51985a075f3884d8dc9b2d20367c51b6b05e53fdb912959acb785084579aeaa,763624,not selected for balanced V2 family sample
Coustard,serif,Google Fonts official repository,OFL,data/v2/raw/fonts/serif/Coustard__Coustard-Regular.ttf,True,passed,,True,coustard,ofl,e1118da94a8cb00cf6d06cdac9ef13eb1e5c6ab7,https://raw.githubusercontent.com/google/fonts/e1118da94a8cb00cf6d06cdac9ef13eb1e5c6ab7/ofl/coustard/METADATA.pb,https://raw.githubusercontent.com/google/fonts/e1118da94a8cb00cf6d06cdac9ef13eb1e5c6ab7/ofl/coustard/Coustard-Regular.ttf,https://raw.githubusercontent.com/google/fonts/e1118da94a8cb00cf6d06cdac9ef13eb1e5c6ab7/ofl/coustard/OFL.txt,data/v2/raw/fonts/serif/Coustard__OFL.txt,"latin,latin-ext,menu",71f251444fc70fc98adb011cdf8d8c64ecc7ae5d57fc04f59d8ebb1cfc16460c,75432,not selected for balanced V2 family sample
Donegal One,serif,Google Fonts official repository,OFL,data/v2/raw/fonts/serif/Donegal_One__DonegalOne-Regular.ttf,True,passed,,True,donegalone,ofl,e1118da94a8cb00cf6d06cdac9ef13eb1e5c6ab7,https://raw.githubusercontent.com/google/fonts/e1118da94a8cb00cf6d06cdac9ef13eb1e5c6ab7/ofl/donegalone/METADATA.pb,https://raw.githubusercontent.com/google/fonts/e1118da94a8cb00cf6d06cdac9ef13eb1e5c6ab7/ofl/donegalone/DonegalOne-Regular.ttf,https://raw.githubusercontent.com/google/fonts/e1118da94a8cb00cf6d06cdac9ef13eb1e5c6ab7/ofl/donegalone/OFL.txt,data/v2/raw/fonts/serif/Donegal_One__OFL.txt,"latin,latin-ext,menu",1f9b07bbaf3813103281848f782fae74499f5dfc3b3b9f4e90ebea4aa42fbc75,56944,not selected for balanced V2 family sample
Fenix,serif,Google Fonts official repository,OFL,data/v2/raw/fonts/serif/Fenix__Fenix-Regular.ttf,True,passed,,True,fenix,ofl,e1118da94a8cb00cf6d06cdac9ef13eb1e5c6ab7,https://raw.githubusercontent.com/google/fonts/e1118da94a8cb00cf6d06cdac9ef13eb1e5c6ab7/ofl/fenix/METADATA.pb,https://raw.githubusercontent.com/google/fonts/e1118da94a8cb00cf6d06cdac9ef13eb1e5c6ab7/ofl/fenix/Fenix-Regular.ttf,https://raw.githubusercontent.com/google/fonts/e1118da94a8cb00cf6d06cdac9ef13eb1e5c6ab7/ofl/fenix/OFL.txt,data/v2/raw/fonts/serif/Fenix__OFL.txt,"latin,latin-ext,menu",5104f5f344f64b5532850b131d7b9e033c112fcfa97dfef00a64c0a40bdae911,45144,not selected for balanced V2 family sample
Gentium Book Plus,serif,Google Fonts official repository,OFL,data/v2/raw/fonts/serif/Gentium_Book_Plus__GentiumBookPlus-Regular.ttf,True,passed,,True,gentiumbookplus,ofl,e1118da94a8cb00cf6d06cdac9ef13eb1e5c6ab7,https://raw.githubusercontent.com/google/fonts/e1118da94a8cb00cf6d06cdac9ef13eb1e5c6ab7/ofl/gentiumbookplus/METADATA.pb,https://raw.githubusercontent.com/google/fonts/e1118da94a8cb00cf6d06cdac9ef13eb1e5c6ab7/ofl/gentiumbookplus/GentiumBookPlus-Regular.ttf,https://raw.githubusercontent.com/google/fonts/e1118da94a8cb00cf6d06cdac9ef13eb1e5c6ab7/ofl/gentiumbookplus/OFL.txt,data/v2/raw/fonts/serif/Gentium_Book_Plus__OFL.txt,"cyrillic,cyrillic-ext,greek,greek-ext,latin,latin-ext,menu,vietnamese",fe7b64eeacc430fcf46836a6f0dfe00d2c5a15483ed36692a2a185cb23ec2a5c,818952,not selected for balanced V2 family sample
Gentium Plus,serif,Google Fonts official repository,OFL,data/v2/raw/fonts/serif/Gentium_Plus__GentiumPlus-Regular.ttf,True,passed,,True,gentiumplus,ofl,e1118da94a8cb00cf6d06cdac9ef13eb1e5c6ab7,https://raw.githubusercontent.com/google/fonts/e1118da94a8cb00cf6d06cdac9ef13eb1e5c6ab7/ofl/gentiumplus/METADATA.pb,https://raw.githubusercontent.com/google/fonts/e1118da94a8cb00cf6d06cdac9ef13eb1e5c6ab7/ofl/gentiumplus/GentiumPlus-Regular.ttf,https://raw.githubusercontent.com/google/fonts/e1118da94a8cb00cf6d06cdac9ef13eb1e5c6ab7/ofl/gentiumplus/OFL.txt,data/v2/raw/fonts/serif/Gentium_Plus__OFL.txt,"cyrillic,cyrillic-ext,greek,greek-ext,latin,latin-ext,menu,vietnamese",845e06bb4673a908a5f3b3b4ac9f38841750a07faa9aa45bfcb5796893346f0b,822956,not selected for balanced V2 family sample
Hanuman,serif,Google Fonts official repository,OFL,data/v2/raw/fonts/serif/Hanuman__Hanuman[wght].ttf,True,passed,,True,hanuman,ofl,e1118da94a8cb00cf6d06cdac9ef13eb1e5c6ab7,https://raw.githubusercontent.com/google/fonts/e1118da94a8cb00cf6d06cdac9ef13eb1e5c6ab7/ofl/hanuman/METADATA.pb,https://raw.githubusercontent.com/google/fonts/e1118da94a8cb00cf6d06cdac9ef13eb1e5c6ab7/ofl/hanuman/Hanuman%5Bwght%5D.ttf,https://raw.githubusercontent.com/google/fonts/e1118da94a8cb00cf6d06cdac9ef13eb1e5c6ab7/ofl/hanuman/OFL.txt,data/v2/raw/fonts/serif/Hanuman__OFL.txt,"khmer,latin,menu",0cb2c9dd733d7357d5b673f55d756ff9ef50dd68af9dc217c0d5a71719665536,126392,not selected for balanced V2 family sample
Headland One,serif,Google Fonts official repository,OFL,data/v2/raw/fonts/serif/Headland_One__HeadlandOne-Regular.ttf,True,passed,,True,headlandone,ofl,e1118da94a8cb00cf6d06cdac9ef13eb1e5c6ab7,https://raw.githubusercontent.com/google/fonts/e1118da94a8cb00cf6d06cdac9ef13eb1e5c6ab7/ofl/headlandone/METADATA.pb,https://raw.githubusercontent.com/google/fonts/e1118da94a8cb00cf6d06cdac9ef13eb1e5c6ab7/ofl/headlandone/HeadlandOne-Regular.ttf,https://raw.githubusercontent.com/google/fonts/e1118da94a8cb00cf6d06cdac9ef13eb1e5c6ab7/ofl/headlandone/OFL.txt,data/v2/raw/fonts/serif/Headland_One__OFL.txt,"latin,latin-ext,menu",b09ae2dd08b296e1e0d9af93f5c34899d6a04d6c57aff766409f8a96d085f3a4,149692,not selected for balanced V2 family sample
Judson,serif,Google Fonts official repository,OFL,data/v2/raw/fonts/serif/Judson__Judson-Regular.ttf,True,passed,,True,judson,ofl,e1118da94a8cb00cf6d06cdac9ef13eb1e5c6ab7,https://raw.githubusercontent.com/google/fonts/e1118da94a8cb00cf6d06cdac9ef13eb1e5c6ab7/ofl/judson/METADATA.pb,https://raw.githubusercontent.com/google/fonts/e1118da94a8cb00cf6d06cdac9ef13eb1e5c6ab7/ofl/judson/Judson-Regular.ttf,https://raw.githubusercontent.com/google/fonts/e1118da94a8cb00cf6d06cdac9ef13eb1e5c6ab7/ofl/judson/OFL.txt,data/v2/raw/fonts/serif/Judson__OFL.txt,"latin,latin-ext,menu,vietnamese",73790bf79197e5bbf24178df3841ff27fb2fca05dd1f17fc1046e4bbe16caf95,220844,not selected for balanced V2 family sample
Junge,serif,Google Fonts official repository,OFL,data/v2/raw/fonts/serif/Junge__Junge-Regular.ttf,True,passed,,True,junge,ofl,e1118da94a8cb00cf6d06cdac9ef13eb1e5c6ab7,https://raw.githubusercontent.com/google/fonts/e1118da94a8cb00cf6d06cdac9ef13eb1e5c6ab7/ofl/junge/METADATA.pb,https://raw.githubusercontent.com/google/fonts/e1118da94a8cb00cf6d06cdac9ef13eb1e5c6ab7/ofl/junge/Junge-Regular.ttf,https://raw.githubusercontent.com/google/fonts/e1118da94a8cb00cf6d06cdac9ef13eb1e5c6ab7/ofl/junge/OFL.txt,data/v2/raw/fonts/serif/Junge__OFL.txt,"latin,menu",4671c65a0e6c02c866362938e968e083d171744e4c90fa2cfa8b809cc9f7207e,71400,not selected for balanced V2 family sample
Kaisei Decol,serif,Google Fonts official repository,OFL,data/v2/raw/fonts/serif/Kaisei_Decol__KaiseiDecol-Regular.ttf,True,passed,,True,kaiseidecol,ofl,e1118da94a8cb00cf6d06cdac9ef13eb1e5c6ab7,https://raw.githubusercontent.com/google/fonts/e1118da94a8cb00cf6d06cdac9ef13eb1e5c6ab7/ofl/kaiseidecol/METADATA.pb,https://raw.githubusercontent.com/google/fonts/e1118da94a8cb00cf6d06cdac9ef13eb1e5c6ab7/ofl/kaiseidecol/KaiseiDecol-Regular.ttf,https://raw.githubusercontent.com/google/fonts/e1118da94a8cb00cf6d06cdac9ef13eb1e5c6ab7/ofl/kaiseidecol/OFL.txt,data/v2/raw/fonts/serif/Kaisei_Decol__OFL.txt,"cyrillic,japanese,latin,latin-ext,menu",fb9202b97944fa00b5f145ad4701def5c306bcd0d26407917baef9e01b042056,4503152,not selected for balanced V2 family sample
Mirza,serif,Google Fonts official repository,OFL,data/v2/raw/fonts/serif/Mirza__Mirza-Regular.ttf,True,passed,,True,mirza,ofl,e1118da94a8cb00cf6d06cdac9ef13eb1e5c6ab7,https://raw.githubusercontent.com/google/fonts/e1118da94a8cb00cf6d06cdac9ef13eb1e5c6ab7/ofl/mirza/METADATA.pb,https://raw.githubusercontent.com/google/fonts/e1118da94a8cb00cf6d06cdac9ef13eb1e5c6ab7/ofl/mirza/Mirza-Regular.ttf,https://raw.githubusercontent.com/google/fonts/e1118da94a8cb00cf6d06cdac9ef13eb1e5c6ab7/ofl/mirza/OFL.txt,data/v2/raw/fonts/serif/Mirza__OFL.txt,"arabic,latin,latin-ext,menu",5b1ac6cb285ca3492e313a53d5252b9784bf7607f2835a2d44cb3cbad0168539,177820,not selected for balanced V2 family sample
Nanum Myeongjo,serif,Google Fonts official repository,OFL,data/v2/raw/fonts/serif/Nanum_Myeongjo__NanumMyeongjo-Regular.ttf,True,passed,,True,nanummyeongjo,ofl,e1118da94a8cb00cf6d06cdac9ef13eb1e5c6ab7,https://raw.githubusercontent.com/google/fonts/e1118da94a8cb00cf6d06cdac9ef13eb1e5c6ab7/ofl/nanummyeongjo/METADATA.pb,https://raw.githubusercontent.com/google/fonts/e1118da94a8cb00cf6d06cdac9ef13eb1e5c6ab7/ofl/nanummyeongjo/NanumMyeongjo-Regular.ttf,https://raw.githubusercontent.com/google/fonts/e1118da94a8cb00cf6d06cdac9ef13eb1e5c6ab7/ofl/nanummyeongjo/OFL.txt,data/v2/raw/fonts/serif/Nanum_Myeongjo__OFL.txt,"korean,latin,menu",7ed9e8653a8ed04285d51dc343ffea6eb3d9c73afc27383ea8929ee4ffd03205,3058408,not selected for balanced V2 family sample
Newsreader,serif,Google Fonts official repository,OFL,"data/v2/raw/fonts/serif/Newsreader__Newsreader[opsz,wght].ttf",True,passed,,True,newsreader,ofl,e1118da94a8cb00cf6d06cdac9ef13eb1e5c6ab7,https://raw.githubusercontent.com/google/fonts/e1118da94a8cb00cf6d06cdac9ef13eb1e5c6ab7/ofl/newsreader/METADATA.pb,https://raw.githubusercontent.com/google/fonts/e1118da94a8cb00cf6d06cdac9ef13eb1e5c6ab7/ofl/newsreader/Newsreader%5Bopsz%2Cwght%5D.ttf,https://raw.githubusercontent.com/google/fonts/e1118da94a8cb00cf6d06cdac9ef13eb1e5c6ab7/ofl/newsreader/OFL.txt,data/v2/raw/fonts/serif/Newsreader__OFL.txt,"latin,latin-ext,menu,vietnamese",8a08d13f8a6c0d51be379a60af84f945f65369a67e509ee3c3bdcc421254d7c1,451664,not selected for balanced V2 family sample
Noto Serif Balinese,serif,Google Fonts official repository,OFL,data/v2/raw/fonts/serif/Noto_Serif_Balinese__NotoSerifBalinese-Regular.ttf,True,passed,,True,notoserifbalinese,ofl,e1118da94a8cb00cf6d06cdac9ef13eb1e5c6ab7,https://raw.githubusercontent.com/google/fonts/e1118da94a8cb00cf6d06cdac9ef13eb1e5c6ab7/ofl/notoserifbalinese/METADATA.pb,https://raw.githubusercontent.com/google/fonts/e1118da94a8cb00cf6d06cdac9ef13eb1e5c6ab7/ofl/notoserifbalinese/NotoSerifBalinese-Regular.ttf,https://raw.githubusercontent.com/google/fonts/e1118da94a8cb00cf6d06cdac9ef13eb1e5c6ab7/ofl/notoserifbalinese/OFL.txt,data/v2/raw/fonts/serif/Noto_Serif_Balinese__OFL.txt,"balinese,latin,latin-ext,menu",781c98b8d5ff17e9647442f2d2e931c2033df17b3ce63cb376fc9b6c8ede05d4,123500,not selected for balanced V2 family sample
Noto Serif Grantha,serif,Google Fonts official repository,OFL,data/v2/raw/fonts/serif/Noto_Serif_Grantha__NotoSerifGrantha-Regular.ttf,True,passed,,True,notoserifgrantha,ofl,e1118da94a8cb00cf6d06cdac9ef13eb1e5c6ab7,https://raw.githubusercontent.com/google/fonts/e1118da94a8cb00cf6d06cdac9ef13eb1e5c6ab7/ofl/notoserifgrantha/METADATA.pb,https://raw.githubusercontent.com/google/fonts/e1118da94a8cb00cf6d06cdac9ef13eb1e5c6ab7/ofl/notoserifgrantha/NotoSerifGrantha-Regular.ttf,https://raw.githubusercontent.com/google/fonts/e1118da94a8cb00cf6d06cdac9ef13eb1e5c6ab7/ofl/notoserifgrantha/OFL.txt,data/v2/raw/fonts/serif/Noto_Serif_Grantha__OFL.txt,"grantha,latin,latin-ext,menu",f47a1d121f525a1bedffdc836ddbc824c005bbaf25076650df93c5292122f94a,416716,not selected for balanced V2 family sample
Noto Serif JP,serif,Google Fonts official repository,OFL,data/v2/raw/fonts/serif/Noto_Serif_JP__NotoSerifJP[wght].ttf,True,passed,,True,notoserifjp,ofl,e1118da94a8cb00cf6d06cdac9ef13eb1e5c6ab7,https://raw.githubusercontent.com/google/fonts/e1118da94a8cb00cf6d06cdac9ef13eb1e5c6ab7/ofl/notoserifjp/METADATA.pb,https://raw.githubusercontent.com/google/fonts/e1118da94a8cb00cf6d06cdac9ef13eb1e5c6ab7/ofl/notoserifjp/NotoSerifJP%5Bwght%5D.ttf,https://raw.githubusercontent.com/google/fonts/e1118da94a8cb00cf6d06cdac9ef13eb1e5c6ab7/ofl/notoserifjp/OFL.txt,data/v2/raw/fonts/serif/Noto_Serif_JP__OFL.txt,"cyrillic,japanese,latin,latin-ext,menu,vietnamese",2fd527ba12b6a44ec30d796d633360da0aeba6c5d4af1304ce12bb4dc15a7dfc,13574352,not selected for balanced V2 family sample
Piazzolla,serif,Google Fonts official repository,OFL,"data/v2/raw/fonts/serif/Piazzolla__Piazzolla[opsz,wght].ttf",True,passed,,True,piazzolla,ofl,e1118da94a8cb00cf6d06cdac9ef13eb1e5c6ab7,https://raw.githubusercontent.com/google/fonts/e1118da94a8cb00cf6d06cdac9ef13eb1e5c6ab7/ofl/piazzolla/METADATA.pb,https://raw.githubusercontent.com/google/fonts/e1118da94a8cb00cf6d06cdac9ef13eb1e5c6ab7/ofl/piazzolla/Piazzolla%5Bopsz%2Cwght%5D.ttf,https://raw.githubusercontent.com/google/fonts/e1118da94a8cb00cf6d06cdac9ef13eb1e5c6ab7/ofl/piazzolla/OFL.txt,data/v2/raw/fonts/serif/Piazzolla__OFL.txt,"cyrillic,cyrillic-ext,greek,greek-ext,latin,latin-ext,menu,vietnamese",b6b6451daba93a4b71f88ca8e37a66c3fd2b4e57ec54a407cddf6ae65b62c7b7,624956,not selected for balanced V2 family sample
STIX Two Text,serif,Google Fonts official repository,OFL,data/v2/raw/fonts/serif/STIX_Two_Text__STIXTwoText[wght].ttf,True,passed,,True,stixtwotext,ofl,e1118da94a8cb00cf6d06cdac9ef13eb1e5c6ab7,https://raw.githubusercontent.com/google/fonts/e1118da94a8cb00cf6d06cdac9ef13eb1e5c6ab7/ofl/stixtwotext/METADATA.pb,https://raw.githubusercontent.com/google/fonts/e1118da94a8cb00cf6d06cdac9ef13eb1e5c6ab7/ofl/stixtwotext/STIXTwoText%5Bwght%5D.ttf,https://raw.githubusercontent.com/google/fonts/e1118da94a8cb00cf6d06cdac9ef13eb1e5c6ab7/ofl/stixtwotext/OFL.txt,data/v2/raw/fonts/serif/STIX_Two_Text__OFL.txt,"cyrillic,cyrillic-ext,greek,latin,latin-ext,menu,vietnamese",7962b8b7811e6a896c9a91a0bccbb5241047770eb24d4997c5cb5fe21d5c0df2,418956,not selected for balanced V2 family sample
Sura,serif,Google Fonts official repository,OFL,data/v2/raw/fonts/serif/Sura__Sura-Regular.ttf,True,passed,,True,sura,ofl,e1118da94a8cb00cf6d06cdac9ef13eb1e5c6ab7,https://raw.githubusercontent.com/google/fonts/e1118da94a8cb00cf6d06cdac9ef13eb1e5c6ab7/ofl/sura/METADATA.pb,https://raw.githubusercontent.com/google/fonts/e1118da94a8cb00cf6d06cdac9ef13eb1e5c6ab7/ofl/sura/Sura-Regular.ttf,https://raw.githubusercontent.com/google/fonts/e1118da94a8cb00cf6d06cdac9ef13eb1e5c6ab7/ofl/sura/OFL.txt,data/v2/raw/fonts/serif/Sura__OFL.txt,"devanagari,latin,latin-ext,menu",df35bdf883ef6cda173f3e75e88970a257ae69eaa94b93655451f33b9f960234,140444,not selected for balanced V2 family sample
Tiro Devanagari Marathi,serif,Google Fonts official repository,OFL,data/v2/raw/fonts/serif/Tiro_Devanagari_Marathi__TiroDevanagariMarathi-Regular.ttf,True,passed,,True,tirodevanagarimarathi,ofl,e1118da94a8cb00cf6d06cdac9ef13eb1e5c6ab7,https://raw.githubusercontent.com/google/fonts/e1118da94a8cb00cf6d06cdac9ef13eb1e5c6ab7/ofl/tirodevanagarimarathi/METADATA.pb,https://raw.githubusercontent.com/google/fonts/e1118da94a8cb00cf6d06cdac9ef13eb1e5c6ab7/ofl/tirodevanagarimarathi/TiroDevanagariMarathi-Regular.ttf,https://raw.githubusercontent.com/google/fonts/e1118da94a8cb00cf6d06cdac9ef13eb1e5c6ab7/ofl/tirodevanagarimarathi/OFL.txt,data/v2/raw/fonts/serif/Tiro_Devanagari_Marathi__OFL.txt,"devanagari,latin,latin-ext,menu",8e1d4edf924c0685f1383d0d37aa7c4662103d2e485e53b535b4528af5acd966,439712,not selected for balanced V2 family sample
Trykker,serif,Google Fonts official repository,OFL,data/v2/raw/fonts/serif/Trykker__Trykker-Regular.ttf,True,passed,,True,trykker,ofl,e1118da94a8cb00cf6d06cdac9ef13eb1e5c6ab7,https://raw.githubusercontent.com/google/fonts/e1118da94a8cb00cf6d06cdac9ef13eb1e5c6ab7/ofl/trykker/METADATA.pb,https://raw.githubusercontent.com/google/fonts/e1118da94a8cb00cf6d06cdac9ef13eb1e5c6ab7/ofl/trykker/Trykker-Regular.ttf,https://raw.githubusercontent.com/google/fonts/e1118da94a8cb00cf6d06cdac9ef13eb1e5c6ab7/ofl/trykker/OFL.txt,data/v2/raw/fonts/serif/Trykker__OFL.txt,"latin,latin-ext,menu",bb5601709cfa4c0b28725afd45025afc79310738886d89ced9caa36164bd217a,38140,not selected for balanced V2 family sample
Anybody,sans_serif,Google Fonts official repository,OFL,"data/v2/raw/fonts/sans_serif/Anybody__Anybody[wdth,wght].ttf",True,passed,,True,anybody,ofl,e1118da94a8cb00cf6d06cdac9ef13eb1e5c6ab7,https://raw.githubusercontent.com/google/fonts/e1118da94a8cb00cf6d06cdac9ef13eb1e5c6ab7/ofl/anybody/METADATA.pb,https://raw.githubusercontent.com/google/fonts/e1118da94a8cb00cf6d06cdac9ef13eb1e5c6ab7/ofl/anybody/Anybody%5Bwdth%2Cwght%5D.ttf,https://raw.githubusercontent.com/google/fonts/e1118da94a8cb00cf6d06cdac9ef13eb1e5c6ab7/ofl/anybody/OFL.txt,data/v2/raw/fonts/sans_serif/Anybody__OFL.txt,"latin,latin-ext,menu,vietnamese",b184bd7e6ca8348bbaecec98951565729d7e89b7872d4898a1f9981342b5b64c,201352,not selected for balanced V2 family sample
BBH Bartle,sans_serif,Google Fonts official repository,OFL,data/v2/raw/fonts/sans_serif/BBH_Bartle__BBHBartle-Regular.ttf,True,passed,,True,bbhbartle,ofl,e1118da94a8cb00cf6d06cdac9ef13eb1e5c6ab7,https://raw.githubusercontent.com/google/fonts/e1118da94a8cb00cf6d06cdac9ef13eb1e5c6ab7/ofl/bbhbartle/METADATA.pb,https://raw.githubusercontent.com/google/fonts/e1118da94a8cb00cf6d06cdac9ef13eb1e5c6ab7/ofl/bbhbartle/BBHBartle-Regular.ttf,https://raw.githubusercontent.com/google/fonts/e1118da94a8cb00cf6d06cdac9ef13eb1e5c6ab7/ofl/bbhbartle/OFL.txt,data/v2/raw/fonts/sans_serif/BBH_Bartle__OFL.txt,"latin,menu",f0de1a96b31ed2ce012172dd28d4a5a7c3d4c7fdee84f32f311608ec4eca3431,17880,not selected for balanced V2 family sample
Belleza,sans_serif,Google Fonts official repository,OFL,data/v2/raw/fonts/sans_serif/Belleza__Belleza-Regular.ttf,True,passed,,True,belleza,ofl,e1118da94a8cb00cf6d06cdac9ef13eb1e5c6ab7,https://raw.githubusercontent.com/google/fonts/e1118da94a8cb00cf6d06cdac9ef13eb1e5c6ab7/ofl/belleza/METADATA.pb,https://raw.githubusercontent.com/google/fonts/e1118da94a8cb00cf6d06cdac9ef13eb1e5c6ab7/ofl/belleza/Belleza-Regular.ttf,https://raw.githubusercontent.com/google/fonts/e1118da94a8cb00cf6d06cdac9ef13eb1e5c6ab7/ofl/belleza/OFL.txt,data/v2/raw/fonts/sans_serif/Belleza__OFL.txt,"latin,latin-ext,menu",a88eb0fdf4e78687a40d3478e1c90d4d3079e8c0d7d3a2452488a3ba805bff1d,55696,not selected for balanced V2 family sample
Cagliostro,sans_serif,Google Fonts official repository,OFL,data/v2/raw/fonts/sans_serif/Cagliostro__Cagliostro-Regular.ttf,True,passed,,True,cagliostro,ofl,e1118da94a8cb00cf6d06cdac9ef13eb1e5c6ab7,https://raw.githubusercontent.com/google/fonts/e1118da94a8cb00cf6d06cdac9ef13eb1e5c6ab7/ofl/cagliostro/METADATA.pb,https://raw.githubusercontent.com/google/fonts/e1118da94a8cb00cf6d06cdac9ef13eb1e5c6ab7/ofl/cagliostro/Cagliostro-Regular.ttf,https://raw.githubusercontent.com/google/fonts/e1118da94a8cb00cf6d06cdac9ef13eb1e5c6ab7/ofl/cagliostro/OFL.txt,data/v2/raw/fonts/sans_serif/Cagliostro__OFL.txt,"latin,latin-ext,menu",0d205e9a9b34691dca50064ea681404157f1747e39b592fce978b2a32bd5fb61,37820,not selected for balanced V2 family sample
Cascadia Code,sans_serif,Google Fonts official repository,OFL,data/v2/raw/fonts/sans_serif/Cascadia_Code__CascadiaCode[wght].ttf,True,passed,,True,cascadiacode,ofl,e1118da94a8cb00cf6d06cdac9ef13eb1e5c6ab7,https://raw.githubusercontent.com/google/fonts/e1118da94a8cb00cf6d06cdac9ef13eb1e5c6ab7/ofl/cascadiacode/METADATA.pb,https://raw.githubusercontent.com/google/fonts/e1118da94a8cb00cf6d06cdac9ef13eb1e5c6ab7/ofl/cascadiacode/CascadiaCode%5Bwght%5D.ttf,https://raw.githubusercontent.com/google/fonts/e1118da94a8cb00cf6d06cdac9ef13eb1e5c6ab7/ofl/cascadiacode/OFL.txt,data/v2/raw/fonts/sans_serif/Cascadia_Code__OFL.txt,"arabic,braille,cyrillic,cyrillic-ext,greek,hebrew,latin,latin-ext,menu,symbols2,vietnamese",30f2e14a5c389b346b1fce110c4ddcf0dc5ce8265faf5eca2ab7323f49dba590,727940,not selected for balanced V2 family sample
Denk One,sans_serif,Google Fonts official repository,OFL,data/v2/raw/fonts/sans_serif/Denk_One__DenkOne-Regular.ttf,True,passed,,True,denkone,ofl,e1118da94a8cb00cf6d06cdac9ef13eb1e5c6ab7,https://raw.githubusercontent.com/google/fonts/e1118da94a8cb00cf6d06cdac9ef13eb1e5c6ab7/ofl/denkone/METADATA.pb,https://raw.githubusercontent.com/google/fonts/e1118da94a8cb00cf6d06cdac9ef13eb1e5c6ab7/ofl/denkone/DenkOne-Regular.ttf,https://raw.githubusercontent.com/google/fonts/e1118da94a8cb00cf6d06cdac9ef13eb1e5c6ab7/ofl/denkone/OFL.txt,data/v2/raw/fonts/sans_serif/Denk_One__OFL.txt,"cyrillic-ext,latin,latin-ext,menu,vietnamese",088761eca739820556435bd4eafb8637808a55e121bed582d493969525c97211,304360,not selected for balanced V2 family sample
Ek Mukta,sans_serif,Google Fonts official repository,OFL,data/v2/raw/fonts/sans_serif/Ek_Mukta__EkMukta-Regular.ttf,True,passed,,True,ekmukta,ofl,e1118da94a8cb00cf6d06cdac9ef13eb1e5c6ab7,https://raw.githubusercontent.com/google/fonts/e1118da94a8cb00cf6d06cdac9ef13eb1e5c6ab7/ofl/ekmukta/METADATA.pb,https://raw.githubusercontent.com/google/fonts/e1118da94a8cb00cf6d06cdac9ef13eb1e5c6ab7/ofl/ekmukta/EkMukta-Regular.ttf,https://raw.githubusercontent.com/google/fonts/e1118da94a8cb00cf6d06cdac9ef13eb1e5c6ab7/ofl/ekmukta/OFL.txt,data/v2/raw/fonts/sans_serif/Ek_Mukta__OFL.txt,"devanagari,latin,latin-ext,menu",d14f40a588b232cac9fb3063c707df93fc10e8d265694fc99fcfafcc8ab7b3b4,432280,not selected for balanced V2 family sample
Elms Sans,sans_serif,Google Fonts official repository,OFL,data/v2/raw/fonts/sans_serif/Elms_Sans__ElmsSans[wght].ttf,True,passed,,True,elmssans,ofl,e1118da94a8cb00cf6d06cdac9ef13eb1e5c6ab7,https://raw.githubusercontent.com/google/fonts/e1118da94a8cb00cf6d06cdac9ef13eb1e5c6ab7/ofl/elmssans/METADATA.pb,https://raw.githubusercontent.com/google/fonts/e1118da94a8cb00cf6d06cdac9ef13eb1e5c6ab7/ofl/elmssans/ElmsSans%5Bwght%5D.ttf,https://raw.githubusercontent.com/google/fonts/e1118da94a8cb00cf6d06cdac9ef13eb1e5c6ab7/ofl/elmssans/OFL.txt,data/v2/raw/fonts/sans_serif/Elms_Sans__OFL.txt,"latin,latin-ext,menu,vietnamese",5a5c6aca186c65ad8323212c4e336507e68f4ee09d75ae0366607b5eb1a4498f,188332,not selected for balanced V2 family sample
Geologica,sans_serif,Google Fonts official repository,OFL,"data/v2/raw/fonts/sans_serif/Geologica__Geologica[CRSV,SHRP,slnt,wght].ttf",True,passed,,True,geologica,ofl,e1118da94a8cb00cf6d06cdac9ef13eb1e5c6ab7,https://raw.githubusercontent.com/google/fonts/e1118da94a8cb00cf6d06cdac9ef13eb1e5c6ab7/ofl/geologica/METADATA.pb,https://raw.githubusercontent.com/google/fonts/e1118da94a8cb00cf6d06cdac9ef13eb1e5c6ab7/ofl/geologica/Geologica%5BCRSV%2CSHRP%2Cslnt%2Cwght%5D.ttf,https://raw.githubusercontent.com/google/fonts/e1118da94a8cb00cf6d06cdac9ef13eb1e5c6ab7/ofl/geologica/OFL.txt,data/v2/raw/fonts/sans_serif/Geologica__OFL.txt,"cyrillic,cyrillic-ext,greek,latin,latin-ext,menu,vietnamese",9124d9e88ac6c11d761f35241713a51d68e2c4ebedce0edaca834717a00959ec,348640,not selected for balanced V2 family sample
Geom,sans_serif,Google Fonts official repository,OFL,data/v2/raw/fonts/sans_serif/Geom__Geom[wght].ttf,True,passed,,True,geom,ofl,e1118da94a8cb00cf6d06cdac9ef13eb1e5c6ab7,https://raw.githubusercontent.com/google/fonts/e1118da94a8cb00cf6d06cdac9ef13eb1e5c6ab7/ofl/geom/METADATA.pb,https://raw.githubusercontent.com/google/fonts/e1118da94a8cb00cf6d06cdac9ef13eb1e5c6ab7/ofl/geom/Geom%5Bwght%5D.ttf,https://raw.githubusercontent.com/google/fonts/e1118da94a8cb00cf6d06cdac9ef13eb1e5c6ab7/ofl/geom/OFL.txt,data/v2/raw/fonts/sans_serif/Geom__OFL.txt,"greek,latin,latin-ext,menu",4509ad62e97c2e07c7fbc51180caba092b66fb2967e4de7dcba149ab3beb3b15,105408,not selected for balanced V2 family sample
Georama,sans_serif,Google Fonts official repository,OFL,"data/v2/raw/fonts/sans_serif/Georama__Georama[wdth,wght].ttf",True,passed,,True,georama,ofl,e1118da94a8cb00cf6d06cdac9ef13eb1e5c6ab7,https://raw.githubusercontent.com/google/fonts/e1118da94a8cb00cf6d06cdac9ef13eb1e5c6ab7/ofl/georama/METADATA.pb,https://raw.githubusercontent.com/google/fonts/e1118da94a8cb00cf6d06cdac9ef13eb1e5c6ab7/ofl/georama/Georama%5Bwdth%2Cwght%5D.ttf,https://raw.githubusercontent.com/google/fonts/e1118da94a8cb00cf6d06cdac9ef13eb1e5c6ab7/ofl/georama/OFL.txt,data/v2/raw/fonts/sans_serif/Georama__OFL.txt,"latin,latin-ext,menu,vietnamese",0a62419702ab557e0610a5a073a56f246d13a7db094ef97945a0aa56faf14ab1,443524,not selected for balanced V2 family sample
Krub,sans_serif,Google Fonts official repository,OFL,data/v2/raw/fonts/sans_serif/Krub__Krub-Regular.ttf,True,passed,,True,krub,ofl,e1118da94a8cb00cf6d06cdac9ef13eb1e5c6ab7,https://raw.githubusercontent.com/google/fonts/e1118da94a8cb00cf6d06cdac9ef13eb1e5c6ab7/ofl/krub/METADATA.pb,https://raw.githubusercontent.com/google/fonts/e1118da94a8cb00cf6d06cdac9ef13eb1e5c6ab7/ofl/krub/Krub-Regular.ttf,https://raw.githubusercontent.com/google/fonts/e1118da94a8cb00cf6d06cdac9ef13eb1e5c6ab7/ofl/krub/OFL.txt,data/v2/raw/fonts/sans_serif/Krub__OFL.txt,"latin,latin-ext,menu,thai,vietnamese",24e5c4084ee9e878d54e70bfe5fceccf3ae46fd4aae73a794c04df4091f5e69d,89912,not selected for balanced V2 family sample
Liter,sans_serif,Google Fonts official repository,OFL,data/v2/raw/fonts/sans_serif/Liter__Liter-Regular.ttf,True,passed,,True,liter,ofl,e1118da94a8cb00cf6d06cdac9ef13eb1e5c6ab7,https://raw.githubusercontent.com/google/fonts/e1118da94a8cb00cf6d06cdac9ef13eb1e5c6ab7/ofl/liter/METADATA.pb,https://raw.githubusercontent.com/google/fonts/e1118da94a8cb00cf6d06cdac9ef13eb1e5c6ab7/ofl/liter/Liter-Regular.ttf,https://raw.githubusercontent.com/google/fonts/e1118da94a8cb00cf6d06cdac9ef13eb1e5c6ab7/ofl/liter/OFL.txt,data/v2/raw/fonts/sans_serif/Liter__OFL.txt,"cyrillic,latin,latin-ext,menu",379fe197584f098a0318278c5e1b453a1ef8f017925041e3e51e18efb025822d,77008,not selected for balanced V2 family sample
Meera Inimai,sans_serif,Google Fonts official repository,OFL,data/v2/raw/fonts/sans_serif/Meera_Inimai__MeeraInimai-Regular.ttf,True,passed,,True,meerainimai,ofl,e1118da94a8cb00cf6d06cdac9ef13eb1e5c6ab7,https://raw.githubusercontent.com/google/fonts/e1118da94a8cb00cf6d06cdac9ef13eb1e5c6ab7/ofl/meerainimai/METADATA.pb,https://raw.githubusercontent.com/google/fonts/e1118da94a8cb00cf6d06cdac9ef13eb1e5c6ab7/ofl/meerainimai/MeeraInimai-Regular.ttf,https://raw.githubusercontent.com/google/fonts/e1118da94a8cb00cf6d06cdac9ef13eb1e5c6ab7/ofl/meerainimai/OFL.txt,data/v2/raw/fonts/sans_serif/Meera_Inimai__OFL.txt,"latin,menu,tamil",3dffa9501ac790b5e1c3ebecdba4f2c90a617a7d3131fad129893929bc56708e,72260,not selected for balanced V2 family sample
Mitr,sans_serif,Google Fonts official repository,OFL,data/v2/raw/fonts/sans_serif/Mitr__Mitr-Regular.ttf,True,passed,,True,mitr,ofl,e1118da94a8cb00cf6d06cdac9ef13eb1e5c6ab7,https://raw.githubusercontent.com/google/fonts/e1118da94a8cb00cf6d06cdac9ef13eb1e5c6ab7/ofl/mitr/METADATA.pb,https://raw.githubusercontent.com/google/fonts/e1118da94a8cb00cf6d06cdac9ef13eb1e5c6ab7/ofl/mitr/Mitr-Regular.ttf,https://raw.githubusercontent.com/google/fonts/e1118da94a8cb00cf6d06cdac9ef13eb1e5c6ab7/ofl/mitr/OFL.txt,data/v2/raw/fonts/sans_serif/Mitr__OFL.txt,"latin,latin-ext,menu,thai,vietnamese",3763923ca8d860f9c06f483f663cd3d8d94e9ed8c2f35a7ce35bb6b13e1219fd,222416,not selected for balanced V2 family sample
Moulpali,sans_serif,Google Fonts official repository,OFL,data/v2/raw/fonts/sans_serif/Moulpali__Moulpali-Regular.ttf,True,passed,,True,moulpali,ofl,e1118da94a8cb00cf6d06cdac9ef13eb1e5c6ab7,https://raw.githubusercontent.com/google/fonts/e1118da94a8cb00cf6d06cdac9ef13eb1e5c6ab7/ofl/moulpali/METADATA.pb,https://raw.githubusercontent.com/google/fonts/e1118da94a8cb00cf6d06cdac9ef13eb1e5c6ab7/ofl/moulpali/Moulpali-Regular.ttf,https://raw.githubusercontent.com/google/fonts/e1118da94a8cb00cf6d06cdac9ef13eb1e5c6ab7/ofl/moulpali/OFL.txt,data/v2/raw/fonts/sans_serif/Moulpali__OFL.txt,"khmer,latin,menu",555fa15b85a70b3b18c182ccd26a24f2e1babaf64fb53ba31bbf91327a7b31b4,100364,not selected for balanced V2 family sample
Noto Sans Cherokee,sans_serif,Google Fonts official repository,OFL,data/v2/raw/fonts/sans_serif/Noto_Sans_Cherokee__NotoSansCherokee[wght].ttf,True,passed,,True,notosanscherokee,ofl,e1118da94a8cb00cf6d06cdac9ef13eb1e5c6ab7,https://raw.githubusercontent.com/google/fonts/e1118da94a8cb00cf6d06cdac9ef13eb1e5c6ab7/ofl/notosanscherokee/METADATA.pb,https://raw.githubusercontent.com/google/fonts/e1118da94a8cb00cf6d06cdac9ef13eb1e5c6ab7/ofl/notosanscherokee/NotoSansCherokee%5Bwght%5D.ttf,https://raw.githubusercontent.com/google/fonts/e1118da94a8cb00cf6d06cdac9ef13eb1e5c6ab7/ofl/notosanscherokee/OFL.txt,data/v2/raw/fonts/sans_serif/Noto_Sans_Cherokee__OFL.txt,"cherokee,latin,latin-ext,menu",865d9e644f5011f2020a10325b7242f85c9c8ef0edece00e5ed743e5dfb275fd,224360,not selected for balanced V2 family sample
Noto Sans JP,sans_serif,Google Fonts official repository,OFL,data/v2/raw/fonts/sans_serif/Noto_Sans_JP__NotoSansJP[wght].ttf,True,passed,,True,notosansjp,ofl,e1118da94a8cb00cf6d06cdac9ef13eb1e5c6ab7,https://raw.githubusercontent.com/google/fonts/e1118da94a8cb00cf6d06cdac9ef13eb1e5c6ab7/ofl/notosansjp/METADATA.pb,https://raw.githubusercontent.com/google/fonts/e1118da94a8cb00cf6d06cdac9ef13eb1e5c6ab7/ofl/notosansjp/NotoSansJP%5Bwght%5D.ttf,https://raw.githubusercontent.com/google/fonts/e1118da94a8cb00cf6d06cdac9ef13eb1e5c6ab7/ofl/notosansjp/OFL.txt,data/v2/raw/fonts/sans_serif/Noto_Sans_JP__OFL.txt,"cyrillic,japanese,latin,latin-ext,menu,vietnamese",c2f3b4d463500a2ddcd3849cded1fceeb9fd6d1c32e6cbecd568453ba50fc68f,9589900,not selected for balanced V2 family sample
Noto Sans Mono,sans_serif,Google Fonts official repository,OFL,"data/v2/raw/fonts/sans_serif/Noto_Sans_Mono__NotoSansMono[wdth,wght].ttf",True,passed,,True,notosansmono,ofl,e1118da94a8cb00cf6d06cdac9ef13eb1e5c6ab7,https://raw.githubusercontent.com/google/fonts/e1118da94a8cb00cf6d06cdac9ef13eb1e5c6ab7/ofl/notosansmono/METADATA.pb,https://raw.githubusercontent.com/google/fonts/e1118da94a8cb00cf6d06cdac9ef13eb1e5c6ab7/ofl/notosansmono/NotoSansMono%5Bwdth%2Cwght%5D.ttf,https://raw.githubusercontent.com/google/fonts/e1118da94a8cb00cf6d06cdac9ef13eb1e5c6ab7/ofl/notosansmono/OFL.txt,data/v2/raw/fonts/sans_serif/Noto_Sans_Mono__OFL.txt,"cyrillic,cyrillic-ext,greek,greek-ext,latin,latin-ext,menu,vietnamese",2cb2adb378a8f574213e23df697050b83c54c27df465a2015552740b2769a081,1708408,not selected for balanced V2 family sample
Noto Sans Myanmar,sans_serif,Google Fonts official repository,OFL,"data/v2/raw/fonts/sans_serif/Noto_Sans_Myanmar__NotoSansMyanmar[wdth,wght].ttf",True,passed,,True,notosansmyanmar,ofl,e1118da94a8cb00cf6d06cdac9ef13eb1e5c6ab7,https://raw.githubusercontent.com/google/fonts/e1118da94a8cb00cf6d06cdac9ef13eb1e5c6ab7/ofl/notosansmyanmar/METADATA.pb,https://raw.githubusercontent.com/google/fonts/e1118da94a8cb00cf6d06cdac9ef13eb1e5c6ab7/ofl/notosansmyanmar/NotoSansMyanmar%5Bwdth%2Cwght%5D.ttf,https://raw.githubusercontent.com/google/fonts/e1118da94a8cb00cf6d06cdac9ef13eb1e5c6ab7/ofl/notosansmyanmar/OFL.txt,data/v2/raw/fonts/sans_serif/Noto_Sans_Myanmar__OFL.txt,"latin,latin-ext,menu,myanmar",7abbbfbe2514105d7ce94937aee3feb2ba89b73a256c8b77b5866bd9b83e32ec,784832,not selected for balanced V2 family sample
Noto Sans Old Turkic,sans_serif,Google Fonts official repository,OFL,data/v2/raw/fonts/sans_serif/Noto_Sans_Old_Turkic__NotoSansOldTurkic-Regular.ttf,True,passed,,True,notosansoldturkic,ofl,e1118da94a8cb00cf6d06cdac9ef13eb1e5c6ab7,https://raw.githubusercontent.com/google/fonts/e1118da94a8cb00cf6d06cdac9ef13eb1e5c6ab7/ofl/notosansoldturkic/METADATA.pb,https://raw.githubusercontent.com/google/fonts/e1118da94a8cb00cf6d06cdac9ef13eb1e5c6ab7/ofl/notosansoldturkic/NotoSansOldTurkic-Regular.ttf,https://raw.githubusercontent.com/google/fonts/e1118da94a8cb00cf6d06cdac9ef13eb1e5c6ab7/ofl/notosansoldturkic/OFL.txt,data/v2/raw/fonts/sans_serif/Noto_Sans_Old_Turkic__OFL.txt,"latin,latin-ext,menu,old-turkic",b8e3f206a9fdaea960a988bb1ed3275391eb534d127859611dca87f2204da4a7,56284,not selected for balanced V2 family sample
Noto Sans Sharada,sans_serif,Google Fonts official repository,OFL,data/v2/raw/fonts/sans_serif/Noto_Sans_Sharada__NotoSansSharada-Regular.ttf,True,passed,,True,notosanssharada,ofl,e1118da94a8cb00cf6d06cdac9ef13eb1e5c6ab7,https://raw.githubusercontent.com/google/fonts/e1118da94a8cb00cf6d06cdac9ef13eb1e5c6ab7/ofl/notosanssharada/METADATA.pb,https://raw.githubusercontent.com/google/fonts/e1118da94a8cb00cf6d06cdac9ef13eb1e5c6ab7/ofl/notosanssharada/NotoSansSharada-Regular.ttf,https://raw.githubusercontent.com/google/fonts/e1118da94a8cb00cf6d06cdac9ef13eb1e5c6ab7/ofl/notosanssharada/OFL.txt,data/v2/raw/fonts/sans_serif/Noto_Sans_Sharada__OFL.txt,"latin,latin-ext,menu,sharada",2ccfb8e72773d318c03b8414ad82686c97ee65a9825fdb1a388e376c4df13372,122368,not selected for balanced V2 family sample
Noto Sans Tangsa,sans_serif,Google Fonts official repository,OFL,data/v2/raw/fonts/sans_serif/Noto_Sans_Tangsa__NotoSansTangsa[wght].ttf,True,passed,,True,notosanstangsa,ofl,e1118da94a8cb00cf6d06cdac9ef13eb1e5c6ab7,https://raw.githubusercontent.com/google/fonts/e1118da94a8cb00cf6d06cdac9ef13eb1e5c6ab7/ofl/notosanstangsa/METADATA.pb,https://raw.githubusercontent.com/google/fonts/e1118da94a8cb00cf6d06cdac9ef13eb1e5c6ab7/ofl/notosanstangsa/NotoSansTangsa%5Bwght%5D.ttf,https://raw.githubusercontent.com/google/fonts/e1118da94a8cb00cf6d06cdac9ef13eb1e5c6ab7/ofl/notosanstangsa/OFL.txt,data/v2/raw/fonts/sans_serif/Noto_Sans_Tangsa__OFL.txt,"latin,latin-ext,menu,tangsa",2ed50f0ba084742ce2dfe4909bc529131272d9468b1aa341d5866fbc1a1be48f,87584,not selected for balanced V2 family sample
Noto Sans Tirhuta,sans_serif,Google Fonts official repository,OFL,data/v2/raw/fonts/sans_serif/Noto_Sans_Tirhuta__NotoSansTirhuta-Regular.ttf,True,passed,,True,notosanstirhuta,ofl,e1118da94a8cb00cf6d06cdac9ef13eb1e5c6ab7,https://raw.githubusercontent.com/google/fonts/e1118da94a8cb00cf6d06cdac9ef13eb1e5c6ab7/ofl/notosanstirhuta/METADATA.pb,https://raw.githubusercontent.com/google/fonts/e1118da94a8cb00cf6d06cdac9ef13eb1e5c6ab7/ofl/notosanstirhuta/NotoSansTirhuta-Regular.ttf,https://raw.githubusercontent.com/google/fonts/e1118da94a8cb00cf6d06cdac9ef13eb1e5c6ab7/ofl/notosanstirhuta/OFL.txt,data/v2/raw/fonts/sans_serif/Noto_Sans_Tirhuta__OFL.txt,"latin,latin-ext,menu,tirhuta",ad7123ee63118b83ed2f723591e5e861baad8dd157508b8339362850c6036efe,137848,not selected for balanced V2 family sample
PT Sans Caption,sans_serif,Google Fonts official repository,OFL,data/v2/raw/fonts/sans_serif/PT_Sans_Caption__PT_Sans-Caption-Web-Regular.ttf,True,passed,,True,ptsanscaption,ofl,e1118da94a8cb00cf6d06cdac9ef13eb1e5c6ab7,https://raw.githubusercontent.com/google/fonts/e1118da94a8cb00cf6d06cdac9ef13eb1e5c6ab7/ofl/ptsanscaption/METADATA.pb,https://raw.githubusercontent.com/google/fonts/e1118da94a8cb00cf6d06cdac9ef13eb1e5c6ab7/ofl/ptsanscaption/PT_Sans-Caption-Web-Regular.ttf,https://raw.githubusercontent.com/google/fonts/e1118da94a8cb00cf6d06cdac9ef13eb1e5c6ab7/ofl/ptsanscaption/OFL.txt,data/v2/raw/fonts/sans_serif/PT_Sans_Caption__OFL.txt,"cyrillic,cyrillic-ext,latin,latin-ext,menu",91d763dd9e8284938be814b76919b0bd97510ec342434e7ec7a56f9fc58b36c4,387192,not selected for balanced V2 family sample
Scoutie Sans,sans_serif,Google Fonts official repository,OFL,data/v2/raw/fonts/sans_serif/Scoutie_Sans__ScoutieSans[wght].ttf,True,passed,,True,scoutiesans,ofl,e1118da94a8cb00cf6d06cdac9ef13eb1e5c6ab7,https://raw.githubusercontent.com/google/fonts/e1118da94a8cb00cf6d06cdac9ef13eb1e5c6ab7/ofl/scoutiesans/METADATA.pb,https://raw.githubusercontent.com/google/fonts/e1118da94a8cb00cf6d06cdac9ef13eb1e5c6ab7/ofl/scoutiesans/ScoutieSans%5Bwght%5D.ttf,https://raw.githubusercontent.com/google/fonts/e1118da94a8cb00cf6d06cdac9ef13eb1e5c6ab7/ofl/scoutiesans/OFL.txt,data/v2/raw/fonts/sans_serif/Scoutie_Sans__OFL.txt,"latin,latin-ext,menu,vietnamese",277f54254cad18ee85682f23d269f4eb72dbfe53380e53c1a673c954427d9106,133488,not selected for balanced V2 family sample
Teachers,sans_serif,Google Fonts official repository,OFL,data/v2/raw/fonts/sans_serif/Teachers__Teachers[wght].ttf,True,passed,,True,teachers,ofl,e1118da94a8cb00cf6d06cdac9ef13eb1e5c6ab7,https://raw.githubusercontent.com/google/fonts/e1118da94a8cb00cf6d06cdac9ef13eb1e5c6ab7/ofl/teachers/METADATA.pb,https://raw.githubusercontent.com/google/fonts/e1118da94a8cb00cf6d06cdac9ef13eb1e5c6ab7/ofl/teachers/Teachers%5Bwght%5D.ttf,https://raw.githubusercontent.com/google/fonts/e1118da94a8cb00cf6d06cdac9ef13eb1e5c6ab7/ofl/teachers/OFL.txt,data/v2/raw/fonts/sans_serif/Teachers__OFL.txt,"greek-ext,latin,latin-ext,menu",b59c8c0c5b1990935916d3fc414f87d0116f1bc0be355382968454e5d4b8e015,67184,not selected for balanced V2 family sample
Truculenta,sans_serif,Google Fonts official repository,OFL,"data/v2/raw/fonts/sans_serif/Truculenta__Truculenta[opsz,wdth,wght].ttf",True,passed,,True,truculenta,ofl,e1118da94a8cb00cf6d06cdac9ef13eb1e5c6ab7,https://raw.githubusercontent.com/google/fonts/e1118da94a8cb00cf6d06cdac9ef13eb1e5c6ab7/ofl/truculenta/METADATA.pb,https://raw.githubusercontent.com/google/fonts/e1118da94a8cb00cf6d06cdac9ef13eb1e5c6ab7/ofl/truculenta/Truculenta%5Bopsz%2Cwdth%2Cwght%5D.ttf,https://raw.githubusercontent.com/google/fonts/e1118da94a8cb00cf6d06cdac9ef13eb1e5c6ab7/ofl/truculenta/OFL.txt,data/v2/raw/fonts/sans_serif/Truculenta__OFL.txt,"latin,latin-ext,menu,vietnamese",08d8abe8590e3fef246801f86ef1ede30f8c7a000500857024a590529c443f3c,1052128,not selected for balanced V2 family sample
Ubuntu Sans,sans_serif,Google Fonts official repository,UFL,"data/v2/raw/fonts/sans_serif/Ubuntu_Sans__UbuntuSans[wdth,wght].ttf",True,passed,,True,ubuntusans,ufl,e1118da94a8cb00cf6d06cdac9ef13eb1e5c6ab7,https://raw.githubusercontent.com/google/fonts/e1118da94a8cb00cf6d06cdac9ef13eb1e5c6ab7/ufl/ubuntusans/METADATA.pb,https://raw.githubusercontent.com/google/fonts/e1118da94a8cb00cf6d06cdac9ef13eb1e5c6ab7/ufl/ubuntusans/UbuntuSans%5Bwdth%2Cwght%5D.ttf,https://raw.githubusercontent.com/google/fonts/e1118da94a8cb00cf6d06cdac9ef13eb1e5c6ab7/ufl/ubuntusans/LICENCE.txt,data/v2/raw/fonts/sans_serif/Ubuntu_Sans__LICENCE.txt,"cyrillic,cyrillic-ext,greek,greek-ext,latin,latin-ext,menu",37e90bba45a2a1172d9f6078e45daebaa1b4e537943205cc1309f142a254fe40,1080900,not selected for balanced V2 family sample
Wendy One,sans_serif,Google Fonts official repository,OFL,data/v2/raw/fonts/sans_serif/Wendy_One__WendyOne-Regular.ttf,True,passed,,True,wendyone,ofl,e1118da94a8cb00cf6d06cdac9ef13eb1e5c6ab7,https://raw.githubusercontent.com/google/fonts/e1118da94a8cb00cf6d06cdac9ef13eb1e5c6ab7/ofl/wendyone/METADATA.pb,https://raw.githubusercontent.com/google/fonts/e1118da94a8cb00cf6d06cdac9ef13eb1e5c6ab7/ofl/wendyone/WendyOne-Regular.ttf,https://raw.githubusercontent.com/google/fonts/e1118da94a8cb00cf6d06cdac9ef13eb1e5c6ab7/ofl/wendyone/OFL.txt,data/v2/raw/fonts/sans_serif/Wendy_One__OFL.txt,"latin,latin-ext,menu",2e2da0e8bb0a593656d38fc8e265c5b09b2c45b294bd23f39f135c2e36c89daf,22772,not selected for balanced V2 family sample
Baloo Tammudu 2,display,Google Fonts official repository,OFL,data/v2/raw/fonts/display/Baloo_Tammudu_2__BalooTammudu2[wght].ttf,True,passed,,True,balootammudu2,ofl,e1118da94a8cb00cf6d06cdac9ef13eb1e5c6ab7,https://raw.githubusercontent.com/google/fonts/e1118da94a8cb00cf6d06cdac9ef13eb1e5c6ab7/ofl/balootammudu2/METADATA.pb,https://raw.githubusercontent.com/google/fonts/e1118da94a8cb00cf6d06cdac9ef13eb1e5c6ab7/ofl/balootammudu2/BalooTammudu2%5Bwght%5D.ttf,https://raw.githubusercontent.com/google/fonts/e1118da94a8cb00cf6d06cdac9ef13eb1e5c6ab7/ofl/balootammudu2/OFL.txt,data/v2/raw/fonts/display/Baloo_Tammudu_2__OFL.txt,"latin,latin-ext,menu,telugu,vietnamese",4771a1c50423a07f36919fac4d882cc0ac43e451faf043c8558d7a209298d56c,669816,not selected for balanced V2 family sample
Big Shoulders,display,Google Fonts official repository,OFL,"data/v2/raw/fonts/display/Big_Shoulders__BigShoulders[opsz,wght].ttf",True,passed,,True,bigshoulders,ofl,e1118da94a8cb00cf6d06cdac9ef13eb1e5c6ab7,https://raw.githubusercontent.com/google/fonts/e1118da94a8cb00cf6d06cdac9ef13eb1e5c6ab7/ofl/bigshoulders/METADATA.pb,https://raw.githubusercontent.com/google/fonts/e1118da94a8cb00cf6d06cdac9ef13eb1e5c6ab7/ofl/bigshoulders/BigShoulders%5Bopsz%2Cwght%5D.ttf,https://raw.githubusercontent.com/google/fonts/e1118da94a8cb00cf6d06cdac9ef13eb1e5c6ab7/ofl/bigshoulders/OFL.txt,data/v2/raw/fonts/display/Big_Shoulders__OFL.txt,"latin,latin-ext,menu,vietnamese",4b4b24aa6f799aa73cdcd5b6fa840cbcbbb38b81fa9fa82c25126a4530c1ba44,320800,not selected for balanced V2 family sample
Big Shoulders Inline Display SC,display,Google Fonts official repository,OFL,data/v2/raw/fonts/display/Big_Shoulders_Inline_Display_SC__BigShouldersInlineDisplaySC[wght].ttf,True,passed,,True,bigshouldersinlinedisplaysc,ofl,e1118da94a8cb00cf6d06cdac9ef13eb1e5c6ab7,https://raw.githubusercontent.com/google/fonts/e1118da94a8cb00cf6d06cdac9ef13eb1e5c6ab7/ofl/bigshouldersinlinedisplaysc/METADATA.pb,https://raw.githubusercontent.com/google/fonts/e1118da94a8cb00cf6d06cdac9ef13eb1e5c6ab7/ofl/bigshouldersinlinedisplaysc/BigShouldersInlineDisplaySC%5Bwght%5D.ttf,https://raw.githubusercontent.com/google/fonts/e1118da94a8cb00cf6d06cdac9ef13eb1e5c6ab7/ofl/bigshouldersinlinedisplaysc/OFL.txt,data/v2/raw/fonts/display/Big_Shoulders_Inline_Display_SC__OFL.txt,"latin,latin-ext,menu,vietnamese",11c816c179b9fd9cd87b81818f75baf0bd676a498803d07a26fa028d725627af,384272,not selected for balanced V2 family sample
Big Shoulders Stencil Text SC,display,Google Fonts official repository,OFL,data/v2/raw/fonts/display/Big_Shoulders_Stencil_Text_SC__BigShouldersStencilTextSC[wght].ttf,True,passed,,True,bigshouldersstenciltextsc,ofl,e1118da94a8cb00cf6d06cdac9ef13eb1e5c6ab7,https://raw.githubusercontent.com/google/fonts/e1118da94a8cb00cf6d06cdac9ef13eb1e5c6ab7/ofl/bigshouldersstenciltextsc/METADATA.pb,https://raw.githubusercontent.com/google/fonts/e1118da94a8cb00cf6d06cdac9ef13eb1e5c6ab7/ofl/bigshouldersstenciltextsc/BigShouldersStencilTextSC%5Bwght%5D.ttf,https://raw.githubusercontent.com/google/fonts/e1118da94a8cb00cf6d06cdac9ef13eb1e5c6ab7/ofl/bigshouldersstenciltextsc/OFL.txt,data/v2/raw/fonts/display/Big_Shoulders_Stencil_Text_SC__OFL.txt,"latin,latin-ext,menu,vietnamese",970efc1f8eb45174ae6fa7e14aa33449af764dc8f925d296e3b9aa1878b87e74,205352,not selected for balanced V2 family sample
Bitcount Grid Single,display,Google Fonts official repository,OFL,"data/v2/raw/fonts/display/Bitcount_Grid_Single__BitcountGridSingle[CRSV,ELSH,ELXP,slnt,wght].ttf",True,passed,,True,bitcountgridsingle,ofl,e1118da94a8cb00cf6d06cdac9ef13eb1e5c6ab7,https://raw.githubusercontent.com/google/fonts/e1118da94a8cb00cf6d06cdac9ef13eb1e5c6ab7/ofl/bitcountgridsingle/METADATA.pb,https://raw.githubusercontent.com/google/fonts/e1118da94a8cb00cf6d06cdac9ef13eb1e5c6ab7/ofl/bitcountgridsingle/BitcountGridSingle%5BCRSV%2CELSH%2CELXP%2Cslnt%2Cwght%5D.ttf,https://raw.githubusercontent.com/google/fonts/e1118da94a8cb00cf6d06cdac9ef13eb1e5c6ab7/ofl/bitcountgridsingle/OFL.txt,data/v2/raw/fonts/display/Bitcount_Grid_Single__OFL.txt,"latin,latin-ext,menu",f28e3429f64e9f27b32c6819a7f7b0d58164cf2716fdb9c3df8a5b35187d41a4,226168,not selected for balanced V2 family sample
Blaka,display,Google Fonts official repository,OFL,data/v2/raw/fonts/display/Blaka__Blaka-Regular.ttf,True,passed,,True,blaka,ofl,e1118da94a8cb00cf6d06cdac9ef13eb1e5c6ab7,https://raw.githubusercontent.com/google/fonts/e1118da94a8cb00cf6d06cdac9ef13eb1e5c6ab7/ofl/blaka/METADATA.pb,https://raw.githubusercontent.com/google/fonts/e1118da94a8cb00cf6d06cdac9ef13eb1e5c6ab7/ofl/blaka/Blaka-Regular.ttf,https://raw.githubusercontent.com/google/fonts/e1118da94a8cb00cf6d06cdac9ef13eb1e5c6ab7/ofl/blaka/OFL.txt,data/v2/raw/fonts/display/Blaka__OFL.txt,"arabic,latin,latin-ext,menu",5cd0ff67dcfbc371c6450afffe10f6e7027ffada0c31f436beb8865e57b781a3,58104,not selected for balanced V2 family sample
Chewy,display,Google Fonts official repository,APACHE2,data/v2/raw/fonts/display/Chewy__Chewy-Regular.ttf,True,passed,,True,chewy,apache,e1118da94a8cb00cf6d06cdac9ef13eb1e5c6ab7,https://raw.githubusercontent.com/google/fonts/e1118da94a8cb00cf6d06cdac9ef13eb1e5c6ab7/apache/chewy/METADATA.pb,https://raw.githubusercontent.com/google/fonts/e1118da94a8cb00cf6d06cdac9ef13eb1e5c6ab7/apache/chewy/Chewy-Regular.ttf,https://raw.githubusercontent.com/google/fonts/e1118da94a8cb00cf6d06cdac9ef13eb1e5c6ab7/apache/chewy/LICENSE.txt,data/v2/raw/fonts/display/Chewy__LICENSE.txt,"latin,menu",7cf75ea288f82fd20badea8ab4da7a656a96a7277c170811e813b3d3d6294147,41248,not selected for balanced V2 family sample
Elsie,display,Google Fonts official repository,OFL,data/v2/raw/fonts/display/Elsie__Elsie-Regular.ttf,True,passed,,True,elsie,ofl,e1118da94a8cb00cf6d06cdac9ef13eb1e5c6ab7,https://raw.githubusercontent.com/google/fonts/e1118da94a8cb00cf6d06cdac9ef13eb1e5c6ab7/ofl/elsie/METADATA.pb,https://raw.githubusercontent.com/google/fonts/e1118da94a8cb00cf6d06cdac9ef13eb1e5c6ab7/ofl/elsie/Elsie-Regular.ttf,https://raw.githubusercontent.com/google/fonts/e1118da94a8cb00cf6d06cdac9ef13eb1e5c6ab7/ofl/elsie/OFL.txt,data/v2/raw/fonts/display/Elsie__OFL.txt,"latin,latin-ext,menu",9b3ff5056866667fb29f60beb4522994afdd4d5f580626c6fd9e6f5bf49f1ea5,38936,not selected for balanced V2 family sample
Emilys Candy,display,Google Fonts official repository,OFL,data/v2/raw/fonts/display/Emilys_Candy__EmilysCandy-Regular.ttf,True,passed,,True,emilyscandy,ofl,e1118da94a8cb00cf6d06cdac9ef13eb1e5c6ab7,https://raw.githubusercontent.com/google/fonts/e1118da94a8cb00cf6d06cdac9ef13eb1e5c6ab7/ofl/emilyscandy/METADATA.pb,https://raw.githubusercontent.com/google/fonts/e1118da94a8cb00cf6d06cdac9ef13eb1e5c6ab7/ofl/emilyscandy/EmilysCandy-Regular.ttf,https://raw.githubusercontent.com/google/fonts/e1118da94a8cb00cf6d06cdac9ef13eb1e5c6ab7/ofl/emilyscandy/OFL.txt,data/v2/raw/fonts/display/Emilys_Candy__OFL.txt,"latin,latin-ext,menu",0cf3ca9dbe71b33596e8a1eb12b40deac2e6414fe5616dda50c554580b6e0c68,237216,not selected for balanced V2 family sample
Farsan,display,Google Fonts official repository,OFL,data/v2/raw/fonts/display/Farsan__Farsan-Regular.ttf,True,passed,,True,farsan,ofl,e1118da94a8cb00cf6d06cdac9ef13eb1e5c6ab7,https://raw.githubusercontent.com/google/fonts/e1118da94a8cb00cf6d06cdac9ef13eb1e5c6ab7/ofl/farsan/METADATA.pb,https://raw.githubusercontent.com/google/fonts/e1118da94a8cb00cf6d06cdac9ef13eb1e5c6ab7/ofl/farsan/Farsan-Regular.ttf,https://raw.githubusercontent.com/google/fonts/e1118da94a8cb00cf6d06cdac9ef13eb1e5c6ab7/ofl/farsan/OFL.txt,data/v2/raw/fonts/display/Farsan__OFL.txt,"gujarati,latin,latin-ext,menu,vietnamese",7bb968454a2dde084c9fb0f99a9921e9a8f96b0cd28dedf8f545ec23d52c3550,243932,not selected for balanced V2 family sample
Fugaz One,display,Google Fonts official repository,OFL,data/v2/raw/fonts/display/Fugaz_One__FugazOne-Regular.ttf,True,passed,,True,fugazone,ofl,e1118da94a8cb00cf6d06cdac9ef13eb1e5c6ab7,https://raw.githubusercontent.com/google/fonts/e1118da94a8cb00cf6d06cdac9ef13eb1e5c6ab7/ofl/fugazone/METADATA.pb,https://raw.githubusercontent.com/google/fonts/e1118da94a8cb00cf6d06cdac9ef13eb1e5c6ab7/ofl/fugazone/FugazOne-Regular.ttf,https://raw.githubusercontent.com/google/fonts/e1118da94a8cb00cf6d06cdac9ef13eb1e5c6ab7/ofl/fugazone/OFL.txt,data/v2/raw/fonts/display/Fugaz_One__OFL.txt,"latin,latin-ext,menu",14fd5becce8b0ae987e44b3f9fa9e3e6c87463e9585ac15db6c8271462068a62,27868,not selected for balanced V2 family sample
Galindo,display,Google Fonts official repository,OFL,data/v2/raw/fonts/display/Galindo__Galindo-Regular.ttf,True,passed,,True,galindo,ofl,e1118da94a8cb00cf6d06cdac9ef13eb1e5c6ab7,https://raw.githubusercontent.com/google/fonts/e1118da94a8cb00cf6d06cdac9ef13eb1e5c6ab7/ofl/galindo/METADATA.pb,https://raw.githubusercontent.com/google/fonts/e1118da94a8cb00cf6d06cdac9ef13eb1e5c6ab7/ofl/galindo/Galindo-Regular.ttf,https://raw.githubusercontent.com/google/fonts/e1118da94a8cb00cf6d06cdac9ef13eb1e5c6ab7/ofl/galindo/OFL.txt,data/v2/raw/fonts/display/Galindo__OFL.txt,"latin,latin-ext,menu",335a73def6a890d38e8793a81077a8e15987b1a4e5366847e138b5beb13bf0fe,58104,not selected for balanced V2 family sample
Jacquard 12,display,Google Fonts official repository,OFL,data/v2/raw/fonts/display/Jacquard_12__Jacquard12-Regular.ttf,True,passed,,True,jacquard12,ofl,e1118da94a8cb00cf6d06cdac9ef13eb1e5c6ab7,https://raw.githubusercontent.com/google/fonts/e1118da94a8cb00cf6d06cdac9ef13eb1e5c6ab7/ofl/jacquard12/METADATA.pb,https://raw.githubusercontent.com/google/fonts/e1118da94a8cb00cf6d06cdac9ef13eb1e5c6ab7/ofl/jacquard12/Jacquard12-Regular.ttf,https://raw.githubusercontent.com/google/fonts/e1118da94a8cb00cf6d06cdac9ef13eb1e5c6ab7/ofl/jacquard12/OFL.txt,data/v2/raw/fonts/display/Jacquard_12__OFL.txt,"latin,latin-ext,math,menu,symbols",b1560583565a37f3d3a25cf2572df3efd2d773ecdcbb459dcd7ea0398cb840d1,118448,not selected for balanced V2 family sample
Jacquarda Bastarda 9 Charted,display,Google Fonts official repository,OFL,data/v2/raw/fonts/display/Jacquarda_Bastarda_9_Charted__JacquardaBastarda9Charted-Regular.ttf,True,passed,,True,jacquardabastarda9charted,ofl,e1118da94a8cb00cf6d06cdac9ef13eb1e5c6ab7,https://raw.githubusercontent.com/google/fonts/e1118da94a8cb00cf6d06cdac9ef13eb1e5c6ab7/ofl/jacquardabastarda9charted/METADATA.pb,https://raw.githubusercontent.com/google/fonts/e1118da94a8cb00cf6d06cdac9ef13eb1e5c6ab7/ofl/jacquardabastarda9charted/JacquardaBastarda9Charted-Regular.ttf,https://raw.githubusercontent.com/google/fonts/e1118da94a8cb00cf6d06cdac9ef13eb1e5c6ab7/ofl/jacquardabastarda9charted/OFL.txt,data/v2/raw/fonts/display/Jacquarda_Bastarda_9_Charted__OFL.txt,"latin,latin-ext,math,menu,symbols",812bb5613b16bd8cefdc43b4497400ea548c55a64f0d6e8cb1bf510a28da8581,2238348,not selected for balanced V2 family sample
Jaini Purva,display,Google Fonts official repository,OFL,data/v2/raw/fonts/display/Jaini_Purva__JainiPurva-Regular.ttf,True,passed,,True,jainipurva,ofl,e1118da94a8cb00cf6d06cdac9ef13eb1e5c6ab7,https://raw.githubusercontent.com/google/fonts/e1118da94a8cb00cf6d06cdac9ef13eb1e5c6ab7/ofl/jainipurva/METADATA.pb,https://raw.githubusercontent.com/google/fonts/e1118da94a8cb00cf6d06cdac9ef13eb1e5c6ab7/ofl/jainipurva/JainiPurva-Regular.ttf,https://raw.githubusercontent.com/google/fonts/e1118da94a8cb00cf6d06cdac9ef13eb1e5c6ab7/ofl/jainipurva/OFL.txt,data/v2/raw/fonts/display/Jaini_Purva__OFL.txt,"devanagari,latin,latin-ext,menu",178d7f5a40594d4ef6c28b7a68d85da7eae46df2f71becedfb40251ff678c2f5,762796,not selected for balanced V2 family sample
Libre Barcode 39 Extended Text,display,Google Fonts official repository,OFL,data/v2/raw/fonts/display/Libre_Barcode_39_Extended_Text__LibreBarcode39ExtendedText-Regular.ttf,True,passed,,True,librebarcode39extendedtext,ofl,e1118da94a8cb00cf6d06cdac9ef13eb1e5c6ab7,https://raw.githubusercontent.com/google/fonts/e1118da94a8cb00cf6d06cdac9ef13eb1e5c6ab7/ofl/librebarcode39extendedtext/METADATA.pb,https://raw.githubusercontent.com/google/fonts/e1118da94a8cb00cf6d06cdac9ef13eb1e5c6ab7/ofl/librebarcode39extendedtext/LibreBarcode39ExtendedText-Regular.ttf,https://raw.githubusercontent.com/google/fonts/e1118da94a8cb00cf6d06cdac9ef13eb1e5c6ab7/ofl/librebarcode39extendedtext/OFL.txt,data/v2/raw/fonts/display/Libre_Barcode_39_Extended_Text__OFL.txt,"latin,menu",d7b50101f16c4dc3eae0bd1bab254c1fda6b69a1396db72b1767be229a0cec2b,35280,not selected for balanced V2 family sample
Nova Cut,display,Google Fonts official repository,OFL,data/v2/raw/fonts/display/Nova_Cut__NovaCut.ttf,True,passed,,True,novacut,ofl,e1118da94a8cb00cf6d06cdac9ef13eb1e5c6ab7,https://raw.githubusercontent.com/google/fonts/e1118da94a8cb00cf6d06cdac9ef13eb1e5c6ab7/ofl/novacut/METADATA.pb,https://raw.githubusercontent.com/google/fonts/e1118da94a8cb00cf6d06cdac9ef13eb1e5c6ab7/ofl/novacut/NovaCut.ttf,https://raw.githubusercontent.com/google/fonts/e1118da94a8cb00cf6d06cdac9ef13eb1e5c6ab7/ofl/novacut/OFL.txt,data/v2/raw/fonts/display/Nova_Cut__OFL.txt,"latin,latin-ext,menu",09b4238312770fb6a4405027dc33feef1bb1c9283d3c907fe7282960da4eb5f7,94488,not selected for balanced V2 family sample
Nova Flat,display,Google Fonts official repository,OFL,data/v2/raw/fonts/display/Nova_Flat__NovaFlat.ttf,True,passed,,True,novaflat,ofl,e1118da94a8cb00cf6d06cdac9ef13eb1e5c6ab7,https://raw.githubusercontent.com/google/fonts/e1118da94a8cb00cf6d06cdac9ef13eb1e5c6ab7/ofl/novaflat/METADATA.pb,https://raw.githubusercontent.com/google/fonts/e1118da94a8cb00cf6d06cdac9ef13eb1e5c6ab7/ofl/novaflat/NovaFlat.ttf,https://raw.githubusercontent.com/google/fonts/e1118da94a8cb00cf6d06cdac9ef13eb1e5c6ab7/ofl/novaflat/OFL.txt,data/v2/raw/fonts/display/Nova_Flat__OFL.txt,"latin,latin-ext,menu",de302932cdca6d274f7f791b9805d6e0f84ec44ae6ed630f1b1e8c616fc04c42,93844,not selected for balanced V2 family sample
Nova Script,display,Google Fonts official repository,OFL,data/v2/raw/fonts/display/Nova_Script__NovaScript-Regular.ttf,True,passed,,True,novascript,ofl,e1118da94a8cb00cf6d06cdac9ef13eb1e5c6ab7,https://raw.githubusercontent.com/google/fonts/e1118da94a8cb00cf6d06cdac9ef13eb1e5c6ab7/ofl/novascript/METADATA.pb,https://raw.githubusercontent.com/google/fonts/e1118da94a8cb00cf6d06cdac9ef13eb1e5c6ab7/ofl/novascript/NovaScript-Regular.ttf,https://raw.githubusercontent.com/google/fonts/e1118da94a8cb00cf6d06cdac9ef13eb1e5c6ab7/ofl/novascript/OFL.txt,data/v2/raw/fonts/display/Nova_Script__OFL.txt,"latin,menu",470a4b2ca317b49f8bfc21d2b8f70d506b2652643664e1c3898852e72122a28d,117388,not selected for balanced V2 family sample
Poiret One,display,Google Fonts official repository,OFL,data/v2/raw/fonts/display/Poiret_One__PoiretOne-Regular.ttf,True,passed,,True,poiretone,ofl,e1118da94a8cb00cf6d06cdac9ef13eb1e5c6ab7,https://raw.githubusercontent.com/google/fonts/e1118da94a8cb00cf6d06cdac9ef13eb1e5c6ab7/ofl/poiretone/METADATA.pb,https://raw.githubusercontent.com/google/fonts/e1118da94a8cb00cf6d06cdac9ef13eb1e5c6ab7/ofl/poiretone/PoiretOne-Regular.ttf,https://raw.githubusercontent.com/google/fonts/e1118da94a8cb00cf6d06cdac9ef13eb1e5c6ab7/ofl/poiretone/OFL.txt,data/v2/raw/fonts/display/Poiret_One__OFL.txt,"cyrillic,cyrillic-ext,latin,latin-ext,menu,vietnamese",457f2d03263f58e5a6dbcc1b607b10dff6581e7cf9c4ebdf330ec3e6772a3558,130176,not selected for balanced V2 family sample
Protest Guerrilla,display,Google Fonts official repository,OFL,data/v2/raw/fonts/display/Protest_Guerrilla__ProtestGuerrilla-Regular.ttf,True,passed,,True,protestguerrilla,ofl,e1118da94a8cb00cf6d06cdac9ef13eb1e5c6ab7,https://raw.githubusercontent.com/google/fonts/e1118da94a8cb00cf6d06cdac9ef13eb1e5c6ab7/ofl/protestguerrilla/METADATA.pb,https://raw.githubusercontent.com/google/fonts/e1118da94a8cb00cf6d06cdac9ef13eb1e5c6ab7/ofl/protestguerrilla/ProtestGuerrilla-Regular.ttf,https://raw.githubusercontent.com/google/fonts/e1118da94a8cb00cf6d06cdac9ef13eb1e5c6ab7/ofl/protestguerrilla/OFL.txt,data/v2/raw/fonts/display/Protest_Guerrilla__OFL.txt,"latin,latin-ext,math,menu,symbols,vietnamese",f163ab212c3310173fc3807a7ec309b188c3f9a845b543af8c80d6fceb8b1df6,85604,not selected for balanced V2 family sample
Revalia,display,Google Fonts official repository,OFL,data/v2/raw/fonts/display/Revalia__Revalia-Regular.ttf,True,passed,,True,revalia,ofl,e1118da94a8cb00cf6d06cdac9ef13eb1e5c6ab7,https://raw.githubusercontent.com/google/fonts/e1118da94a8cb00cf6d06cdac9ef13eb1e5c6ab7/ofl/revalia/METADATA.pb,https://raw.githubusercontent.com/google/fonts/e1118da94a8cb00cf6d06cdac9ef13eb1e5c6ab7/ofl/revalia/Revalia-Regular.ttf,https://raw.githubusercontent.com/google/fonts/e1118da94a8cb00cf6d06cdac9ef13eb1e5c6ab7/ofl/revalia/OFL.txt,data/v2/raw/fonts/display/Revalia__OFL.txt,"latin,latin-ext,menu",a9313fba7bbeb5f9de6572c3e15ca53f2f608babff40cfa9e9008fff0c1e3c80,61436,not selected for balanced V2 family sample
Rubik Iso,display,Google Fonts official repository,OFL,data/v2/raw/fonts/display/Rubik_Iso__RubikIso-Regular.ttf,True,passed,,True,rubikiso,ofl,e1118da94a8cb00cf6d06cdac9ef13eb1e5c6ab7,https://raw.githubusercontent.com/google/fonts/e1118da94a8cb00cf6d06cdac9ef13eb1e5c6ab7/ofl/rubikiso/METADATA.pb,https://raw.githubusercontent.com/google/fonts/e1118da94a8cb00cf6d06cdac9ef13eb1e5c6ab7/ofl/rubikiso/RubikIso-Regular.ttf,https://raw.githubusercontent.com/google/fonts/e1118da94a8cb00cf6d06cdac9ef13eb1e5c6ab7/ofl/rubikiso/OFL.txt,data/v2/raw/fonts/display/Rubik_Iso__OFL.txt,"cyrillic,cyrillic-ext,hebrew,latin,latin-ext,menu",b3d774e88798b202a354bcbe7f14180c2c76596baa0f1bb8445c53683e8a511b,132376,not selected for balanced V2 family sample
Rubik Spray Paint,display,Google Fonts official repository,OFL,data/v2/raw/fonts/display/Rubik_Spray_Paint__RubikSprayPaint-Regular.ttf,True,passed,,True,rubikspraypaint,ofl,e1118da94a8cb00cf6d06cdac9ef13eb1e5c6ab7,https://raw.githubusercontent.com/google/fonts/e1118da94a8cb00cf6d06cdac9ef13eb1e5c6ab7/ofl/rubikspraypaint/METADATA.pb,https://raw.githubusercontent.com/google/fonts/e1118da94a8cb00cf6d06cdac9ef13eb1e5c6ab7/ofl/rubikspraypaint/RubikSprayPaint-Regular.ttf,https://raw.githubusercontent.com/google/fonts/e1118da94a8cb00cf6d06cdac9ef13eb1e5c6ab7/ofl/rubikspraypaint/OFL.txt,data/v2/raw/fonts/display/Rubik_Spray_Paint__OFL.txt,"cyrillic,cyrillic-ext,hebrew,latin,latin-ext,menu",e608af93c514f2ba78c9ecfb08e90a206a6f5fd4fc3afbd2db1e65bc65129ca1,941576,not selected for balanced V2 family sample
Saira Stencil,display,Google Fonts official repository,OFL,"data/v2/raw/fonts/display/Saira_Stencil__SairaStencil[wdth,wght].ttf",True,passed,,True,sairastencil,ofl,e1118da94a8cb00cf6d06cdac9ef13eb1e5c6ab7,https://raw.githubusercontent.com/google/fonts/e1118da94a8cb00cf6d06cdac9ef13eb1e5c6ab7/ofl/sairastencil/METADATA.pb,https://raw.githubusercontent.com/google/fonts/e1118da94a8cb00cf6d06cdac9ef13eb1e5c6ab7/ofl/sairastencil/SairaStencil%5Bwdth%2Cwght%5D.ttf,https://raw.githubusercontent.com/google/fonts/e1118da94a8cb00cf6d06cdac9ef13eb1e5c6ab7/ofl/sairastencil/OFL.txt,data/v2/raw/fonts/display/Saira_Stencil__OFL.txt,"latin,latin-ext,menu,vietnamese",d459062d39d002f22d25348ab0c7d31db63f25a7b43714fe206a3d85bdb91fc7,491312,not selected for balanced V2 family sample
Srisakdi,display,Google Fonts official repository,OFL,data/v2/raw/fonts/display/Srisakdi__Srisakdi-Regular.ttf,True,passed,,True,srisakdi,ofl,e1118da94a8cb00cf6d06cdac9ef13eb1e5c6ab7,https://raw.githubusercontent.com/google/fonts/e1118da94a8cb00cf6d06cdac9ef13eb1e5c6ab7/ofl/srisakdi/METADATA.pb,https://raw.githubusercontent.com/google/fonts/e1118da94a8cb00cf6d06cdac9ef13eb1e5c6ab7/ofl/srisakdi/Srisakdi-Regular.ttf,https://raw.githubusercontent.com/google/fonts/e1118da94a8cb00cf6d06cdac9ef13eb1e5c6ab7/ofl/srisakdi/OFL.txt,data/v2/raw/fonts/display/Srisakdi__OFL.txt,"latin,latin-ext,menu,thai,vietnamese",073d1694bda5cf42082574a4b7d57df298d7f2cfc9ee997f8f5ab9b214cf72c9,102340,not selected for balanced V2 family sample
Supermercado One,display,Google Fonts official repository,OFL,data/v2/raw/fonts/display/Supermercado_One__SupermercadoOne-Regular.ttf,True,passed,,True,supermercadoone,ofl,e1118da94a8cb00cf6d06cdac9ef13eb1e5c6ab7,https://raw.githubusercontent.com/google/fonts/e1118da94a8cb00cf6d06cdac9ef13eb1e5c6ab7/ofl/supermercadoone/METADATA.pb,https://raw.githubusercontent.com/google/fonts/e1118da94a8cb00cf6d06cdac9ef13eb1e5c6ab7/ofl/supermercadoone/SupermercadoOne-Regular.ttf,https://raw.githubusercontent.com/google/fonts/e1118da94a8cb00cf6d06cdac9ef13eb1e5c6ab7/ofl/supermercadoone/OFL.txt,data/v2/raw/fonts/display/Supermercado_One__OFL.txt,"latin,menu",73e1f6c46e4f94949df8394a5dc207a5ae4c75b94d19b012c7b8eaa67dca3750,143180,not selected for balanced V2 family sample
Trochut,display,Google Fonts official repository,OFL,data/v2/raw/fonts/display/Trochut__Trochut-Regular.ttf,True,passed,,True,trochut,ofl,e1118da94a8cb00cf6d06cdac9ef13eb1e5c6ab7,https://raw.githubusercontent.com/google/fonts/e1118da94a8cb00cf6d06cdac9ef13eb1e5c6ab7/ofl/trochut/METADATA.pb,https://raw.githubusercontent.com/google/fonts/e1118da94a8cb00cf6d06cdac9ef13eb1e5c6ab7/ofl/trochut/Trochut-Regular.ttf,https://raw.githubusercontent.com/google/fonts/e1118da94a8cb00cf6d06cdac9ef13eb1e5c6ab7/ofl/trochut/OFL.txt,data/v2/raw/fonts/display/Trochut__OFL.txt,"latin,latin-ext,menu",720759af046a690bebcc0fee08df6841d564438219ca86544c375b9252a1224e,25300,not selected for balanced V2 family sample
Viaoda Libre,display,Google Fonts official repository,OFL,data/v2/raw/fonts/display/Viaoda_Libre__ViaodaLibre-Regular.ttf,True,passed,,True,viaodalibre,ofl,e1118da94a8cb00cf6d06cdac9ef13eb1e5c6ab7,https://raw.githubusercontent.com/google/fonts/e1118da94a8cb00cf6d06cdac9ef13eb1e5c6ab7/ofl/viaodalibre/METADATA.pb,https://raw.githubusercontent.com/google/fonts/e1118da94a8cb00cf6d06cdac9ef13eb1e5c6ab7/ofl/viaodalibre/ViaodaLibre-Regular.ttf,https://raw.githubusercontent.com/google/fonts/e1118da94a8cb00cf6d06cdac9ef13eb1e5c6ab7/ofl/viaodalibre/OFL.txt,data/v2/raw/fonts/display/Viaoda_Libre__OFL.txt,"cyrillic,cyrillic-ext,latin,latin-ext,menu,vietnamese",adb53ede25107c5ed4c45f993fd014a21ef82ac82b2327a564fe8e994e228942,196944,not selected for balanced V2 family sample
Warnes,display,Google Fonts official repository,OFL,data/v2/raw/fonts/display/Warnes__Warnes-Regular.ttf,True,passed,,True,warnes,ofl,e1118da94a8cb00cf6d06cdac9ef13eb1e5c6ab7,https://raw.githubusercontent.com/google/fonts/e1118da94a8cb00cf6d06cdac9ef13eb1e5c6ab7/ofl/warnes/METADATA.pb,https://raw.githubusercontent.com/google/fonts/e1118da94a8cb00cf6d06cdac9ef13eb1e5c6ab7/ofl/warnes/Warnes-Regular.ttf,https://raw.githubusercontent.com/google/fonts/e1118da94a8cb00cf6d06cdac9ef13eb1e5c6ab7/ofl/warnes/OFL.txt,data/v2/raw/fonts/display/Warnes__OFL.txt,"latin,latin-ext,menu",d3bd538498237de2f30420b45efe9b1a2d0671f66868ddf595284f797266ba32,70272,not selected for balanced V2 family sample
Courgette,handwriting,Google Fonts official repository,OFL,data/v2/raw/fonts/handwriting/Courgette__Courgette-Regular.ttf,True,passed,,True,courgette,ofl,e1118da94a8cb00cf6d06cdac9ef13eb1e5c6ab7,https://raw.githubusercontent.com/google/fonts/e1118da94a8cb00cf6d06cdac9ef13eb1e5c6ab7/ofl/courgette/METADATA.pb,https://raw.githubusercontent.com/google/fonts/e1118da94a8cb00cf6d06cdac9ef13eb1e5c6ab7/ofl/courgette/Courgette-Regular.ttf,https://raw.githubusercontent.com/google/fonts/e1118da94a8cb00cf6d06cdac9ef13eb1e5c6ab7/ofl/courgette/OFL.txt,data/v2/raw/fonts/handwriting/Courgette__OFL.txt,"latin,latin-ext,menu",099739d22e66ee2b80656bba63847f9ed419ad7e3969ba2c1d3c437c0d08f3e3,122072,protected historical V1 test family
Betania Patmos In,handwriting,Google Fonts official repository,OFL,data/v2/raw/fonts/handwriting/Betania_Patmos_In__BetaniaPatmosIn-Regular.ttf,True,passed,,True,betaniapatmosin,ofl,e1118da94a8cb00cf6d06cdac9ef13eb1e5c6ab7,https://raw.githubusercontent.com/google/fonts/e1118da94a8cb00cf6d06cdac9ef13eb1e5c6ab7/ofl/betaniapatmosin/METADATA.pb,https://raw.githubusercontent.com/google/fonts/e1118da94a8cb00cf6d06cdac9ef13eb1e5c6ab7/ofl/betaniapatmosin/BetaniaPatmosIn-Regular.ttf,https://raw.githubusercontent.com/google/fonts/e1118da94a8cb00cf6d06cdac9ef13eb1e5c6ab7/ofl/betaniapatmosin/OFL.txt,data/v2/raw/fonts/handwriting/Betania_Patmos_In__OFL.txt,"latin,latin-ext,menu",56212679126bc724725926529a147c600e6bee751cc5ccf3fee13035f2a84e41,195924,not selected for balanced V2 family sample
Betania Patmos In GDL,handwriting,Google Fonts official repository,OFL,data/v2/raw/fonts/handwriting/Betania_Patmos_In_GDL__BetaniaPatmosInGDL-Regular.ttf,True,passed,,True,betaniapatmosingdl,ofl,e1118da94a8cb00cf6d06cdac9ef13eb1e5c6ab7,https://raw.githubusercontent.com/google/fonts/e1118da94a8cb00cf6d06cdac9ef13eb1e5c6ab7/ofl/betaniapatmosingdl/METADATA.pb,https://raw.githubusercontent.com/google/fonts/e1118da94a8cb00cf6d06cdac9ef13eb1e5c6ab7/ofl/betaniapatmosingdl/BetaniaPatmosInGDL-Regular.ttf,https://raw.githubusercontent.com/google/fonts/e1118da94a8cb00cf6d06cdac9ef13eb1e5c6ab7/ofl/betaniapatmosingdl/OFL.txt,data/v2/raw/fonts/handwriting/Betania_Patmos_In_GDL__OFL.txt,"latin,latin-ext,menu",732fa9eb8b97b927ac605e083285ab280f5679d40638b6b312bfa3c8131f6e6b,305300,not selected for balanced V2 family sample
Caramel,handwriting,Google Fonts official repository,OFL,data/v2/raw/fonts/handwriting/Caramel__Caramel-Regular.ttf,True,passed,,True,caramel,ofl,e1118da94a8cb00cf6d06cdac9ef13eb1e5c6ab7,https://raw.githubusercontent.com/google/fonts/e1118da94a8cb00cf6d06cdac9ef13eb1e5c6ab7/ofl/caramel/METADATA.pb,https://raw.githubusercontent.com/google/fonts/e1118da94a8cb00cf6d06cdac9ef13eb1e5c6ab7/ofl/caramel/Caramel-Regular.ttf,https://raw.githubusercontent.com/google/fonts/e1118da94a8cb00cf6d06cdac9ef13eb1e5c6ab7/ofl/caramel/OFL.txt,data/v2/raw/fonts/handwriting/Caramel__OFL.txt,"latin,latin-ext,menu,vietnamese",36a460f8418d5f9710da43404776fc914fe11ff5ec649e9c8bcb670c602b92be,204044,not selected for balanced V2 family sample
Caveat,handwriting,Google Fonts official repository,OFL,data/v2/raw/fonts/handwriting/Caveat__Caveat[wght].ttf,True,passed,,True,caveat,ofl,e1118da94a8cb00cf6d06cdac9ef13eb1e5c6ab7,https://raw.githubusercontent.com/google/fonts/e1118da94a8cb00cf6d06cdac9ef13eb1e5c6ab7/ofl/caveat/METADATA.pb,https://raw.githubusercontent.com/google/fonts/e1118da94a8cb00cf6d06cdac9ef13eb1e5c6ab7/ofl/caveat/Caveat%5Bwght%5D.ttf,https://raw.githubusercontent.com/google/fonts/e1118da94a8cb00cf6d06cdac9ef13eb1e5c6ab7/ofl/caveat/OFL.txt,data/v2/raw/fonts/handwriting/Caveat__OFL.txt,"cyrillic,cyrillic-ext,latin,latin-ext,menu",0bdb6b660482d31531b3945849fba5916b3ef8695da7024a9e6b9ee3c4157988,403648,not selected for balanced V2 family sample
Coming Soon,handwriting,Google Fonts official repository,APACHE2,data/v2/raw/fonts/handwriting/Coming_Soon__ComingSoon-Regular.ttf,True,passed,,True,comingsoon,apache,e1118da94a8cb00cf6d06cdac9ef13eb1e5c6ab7,https://raw.githubusercontent.com/google/fonts/e1118da94a8cb00cf6d06cdac9ef13eb1e5c6ab7/apache/comingsoon/METADATA.pb,https://raw.githubusercontent.com/google/fonts/e1118da94a8cb00cf6d06cdac9ef13eb1e5c6ab7/apache/comingsoon/ComingSoon-Regular.ttf,https://raw.githubusercontent.com/google/fonts/e1118da94a8cb00cf6d06cdac9ef13eb1e5c6ab7/apache/comingsoon/LICENSE.txt,data/v2/raw/fonts/handwriting/Coming_Soon__LICENSE.txt,"latin,menu",cf81388f587ff6122de1a705d1070b8f00abccdba66108509908b5d10715068c,53256,not selected for balanced V2 family sample
Corinthia,handwriting,Google Fonts official repository,OFL,data/v2/raw/fonts/handwriting/Corinthia__Corinthia-Regular.ttf,True,passed,,True,corinthia,ofl,e1118da94a8cb00cf6d06cdac9ef13eb1e5c6ab7,https://raw.githubusercontent.com/google/fonts/e1118da94a8cb00cf6d06cdac9ef13eb1e5c6ab7/ofl/corinthia/METADATA.pb,https://raw.githubusercontent.com/google/fonts/e1118da94a8cb00cf6d06cdac9ef13eb1e5c6ab7/ofl/corinthia/Corinthia-Regular.ttf,https://raw.githubusercontent.com/google/fonts/e1118da94a8cb00cf6d06cdac9ef13eb1e5c6ab7/ofl/corinthia/OFL.txt,data/v2/raw/fonts/handwriting/Corinthia__OFL.txt,"latin,latin-ext,menu,vietnamese",ee2adb172a41a52c5f6b7de6de5953bf8e9e6bdfa5bc641fdddbdf4c737fc98e,222456,not selected for balanced V2 family sample
Edu AU VIC WA NT Guides,handwriting,Google Fonts official repository,OFL,data/v2/raw/fonts/handwriting/Edu_AU_VIC_WA_NT_Guides__EduAUVICWANTGuides[wght].ttf,True,passed,,True,eduauvicwantguides,ofl,e1118da94a8cb00cf6d06cdac9ef13eb1e5c6ab7,https://raw.githubusercontent.com/google/fonts/e1118da94a8cb00cf6d06cdac9ef13eb1e5c6ab7/ofl/eduauvicwantguides/METADATA.pb,https://raw.githubusercontent.com/google/fonts/e1118da94a8cb00cf6d06cdac9ef13eb1e5c6ab7/ofl/eduauvicwantguides/EduAUVICWANTGuides%5Bwght%5D.ttf,https://raw.githubusercontent.com/google/fonts/e1118da94a8cb00cf6d06cdac9ef13eb1e5c6ab7/ofl/eduauvicwantguides/OFL.txt,data/v2/raw/fonts/handwriting/Edu_AU_VIC_WA_NT_Guides__OFL.txt,"latin,latin-ext,menu",7c47fc85f944c729e9df8af4be787a3c222604916b8700045451a0743cd29d4a,1578084,not selected for balanced V2 family sample
Gamja Flower,handwriting,Google Fonts official repository,OFL,data/v2/raw/fonts/handwriting/Gamja_Flower__GamjaFlower-Regular.ttf,True,passed,,True,gamjaflower,ofl,e1118da94a8cb00cf6d06cdac9ef13eb1e5c6ab7,https://raw.githubusercontent.com/google/fonts/e1118da94a8cb00cf6d06cdac9ef13eb1e5c6ab7/ofl/gamjaflower/METADATA.pb,https://raw.githubusercontent.com/google/fonts/e1118da94a8cb00cf6d06cdac9ef13eb1e5c6ab7/ofl/gamjaflower/GamjaFlower-Regular.ttf,https://raw.githubusercontent.com/google/fonts/e1118da94a8cb00cf6d06cdac9ef13eb1e5c6ab7/ofl/gamjaflower/OFL.txt,data/v2/raw/fonts/handwriting/Gamja_Flower__OFL.txt,"korean,latin,menu",ece32819ed58536355a49a095b0cdfdd3b8ef9081c5ed9ca1cef8f5d999ae1ac,12615444,not selected for balanced V2 family sample
Grand Hotel,handwriting,Google Fonts official repository,OFL,data/v2/raw/fonts/handwriting/Grand_Hotel__GrandHotel-Regular.ttf,True,passed,,True,grandhotel,ofl,e1118da94a8cb00cf6d06cdac9ef13eb1e5c6ab7,https://raw.githubusercontent.com/google/fonts/e1118da94a8cb00cf6d06cdac9ef13eb1e5c6ab7/ofl/grandhotel/METADATA.pb,https://raw.githubusercontent.com/google/fonts/e1118da94a8cb00cf6d06cdac9ef13eb1e5c6ab7/ofl/grandhotel/GrandHotel-Regular.ttf,https://raw.githubusercontent.com/google/fonts/e1118da94a8cb00cf6d06cdac9ef13eb1e5c6ab7/ofl/grandhotel/OFL.txt,data/v2/raw/fonts/handwriting/Grand_Hotel__OFL.txt,"latin,latin-ext,menu",ec7ae65d49c936cb5ed32534ab74dbd40c56733de5145ac3aae9da362e02b50f,65012,not selected for balanced V2 family sample
Homemade Apple,handwriting,Google Fonts official repository,APACHE2,data/v2/raw/fonts/handwriting/Homemade_Apple__HomemadeApple-Regular.ttf,True,passed,,True,homemadeapple,apache,e1118da94a8cb00cf6d06cdac9ef13eb1e5c6ab7,https://raw.githubusercontent.com/google/fonts/e1118da94a8cb00cf6d06cdac9ef13eb1e5c6ab7/apache/homemadeapple/METADATA.pb,https://raw.githubusercontent.com/google/fonts/e1118da94a8cb00cf6d06cdac9ef13eb1e5c6ab7/apache/homemadeapple/HomemadeApple-Regular.ttf,https://raw.githubusercontent.com/google/fonts/e1118da94a8cb00cf6d06cdac9ef13eb1e5c6ab7/apache/homemadeapple/LICENSE.txt,data/v2/raw/fonts/handwriting/Homemade_Apple__LICENSE.txt,"latin,menu",dd1baaca3cde1b1f8415aed3b0aea6808655c9d9ca5a99c7282d9accc16c1a58,110004,not selected for balanced V2 family sample
Itim,handwriting,Google Fonts official repository,OFL,data/v2/raw/fonts/handwriting/Itim__Itim-Regular.ttf,True,passed,,True,itim,ofl,e1118da94a8cb00cf6d06cdac9ef13eb1e5c6ab7,https://raw.githubusercontent.com/google/fonts/e1118da94a8cb00cf6d06cdac9ef13eb1e5c6ab7/ofl/itim/METADATA.pb,https://raw.githubusercontent.com/google/fonts/e1118da94a8cb00cf6d06cdac9ef13eb1e5c6ab7/ofl/itim/Itim-Regular.ttf,https://raw.githubusercontent.com/google/fonts/e1118da94a8cb00cf6d06cdac9ef13eb1e5c6ab7/ofl/itim/OFL.txt,data/v2/raw/fonts/handwriting/Itim__OFL.txt,"latin,latin-ext,menu,thai,vietnamese",9164d7eb92ca717b53b07193e3445c96782222d24215151b8d2851b576b17645,371384,not selected for balanced V2 family sample
Klee One,handwriting,Google Fonts official repository,OFL,data/v2/raw/fonts/handwriting/Klee_One__KleeOne-Regular.ttf,True,passed,,True,kleeone,ofl,e1118da94a8cb00cf6d06cdac9ef13eb1e5c6ab7,https://raw.githubusercontent.com/google/fonts/e1118da94a8cb00cf6d06cdac9ef13eb1e5c6ab7/ofl/kleeone/METADATA.pb,https://raw.githubusercontent.com/google/fonts/e1118da94a8cb00cf6d06cdac9ef13eb1e5c6ab7/ofl/kleeone/KleeOne-Regular.ttf,https://raw.githubusercontent.com/google/fonts/e1118da94a8cb00cf6d06cdac9ef13eb1e5c6ab7/ofl/kleeone/OFL.txt,data/v2/raw/fonts/handwriting/Klee_One__OFL.txt,"cyrillic,greek-ext,japanese,latin,latin-ext,menu",bf4063f030cc2ae6adf0a11424a1888e5c0eb4438f1f6d02f52294af868e9b3a,8724204,not selected for balanced V2 family sample
Kolker Brush,handwriting,Google Fonts official repository,OFL,data/v2/raw/fonts/handwriting/Kolker_Brush__KolkerBrush-Regular.ttf,True,passed,,True,kolkerbrush,ofl,e1118da94a8cb00cf6d06cdac9ef13eb1e5c6ab7,https://raw.githubusercontent.com/google/fonts/e1118da94a8cb00cf6d06cdac9ef13eb1e5c6ab7/ofl/kolkerbrush/METADATA.pb,https://raw.githubusercontent.com/google/fonts/e1118da94a8cb00cf6d06cdac9ef13eb1e5c6ab7/ofl/kolkerbrush/KolkerBrush-Regular.ttf,https://raw.githubusercontent.com/google/fonts/e1118da94a8cb00cf6d06cdac9ef13eb1e5c6ab7/ofl/kolkerbrush/OFL.txt,data/v2/raw/fonts/handwriting/Kolker_Brush__OFL.txt,"latin,latin-ext,menu,vietnamese",c0914812bc5b224cc0e8321de70021a33a1a766b9efaf525f7463200f82300f4,268272,not selected for balanced V2 family sample
Licorice,handwriting,Google Fonts official repository,OFL,data/v2/raw/fonts/handwriting/Licorice__Licorice-Regular.ttf,True,passed,,True,licorice,ofl,e1118da94a8cb00cf6d06cdac9ef13eb1e5c6ab7,https://raw.githubusercontent.com/google/fonts/e1118da94a8cb00cf6d06cdac9ef13eb1e5c6ab7/ofl/licorice/METADATA.pb,https://raw.githubusercontent.com/google/fonts/e1118da94a8cb00cf6d06cdac9ef13eb1e5c6ab7/ofl/licorice/Licorice-Regular.ttf,https://raw.githubusercontent.com/google/fonts/e1118da94a8cb00cf6d06cdac9ef13eb1e5c6ab7/ofl/licorice/OFL.txt,data/v2/raw/fonts/handwriting/Licorice__OFL.txt,"latin,latin-ext,menu,vietnamese",c72d8cb2f56e6995b3682d8620e2d602bacf78b67121cdfbface9acc422750d8,154512,not selected for balanced V2 family sample
Long Cang,handwriting,Google Fonts official repository,OFL,data/v2/raw/fonts/handwriting/Long_Cang__LongCang-Regular.ttf,True,passed,,True,longcang,ofl,e1118da94a8cb00cf6d06cdac9ef13eb1e5c6ab7,https://raw.githubusercontent.com/google/fonts/e1118da94a8cb00cf6d06cdac9ef13eb1e5c6ab7/ofl/longcang/METADATA.pb,https://raw.githubusercontent.com/google/fonts/e1118da94a8cb00cf6d06cdac9ef13eb1e5c6ab7/ofl/longcang/LongCang-Regular.ttf,https://raw.githubusercontent.com/google/fonts/e1118da94a8cb00cf6d06cdac9ef13eb1e5c6ab7/ofl/longcang/OFL.txt,data/v2/raw/fonts/handwriting/Long_Cang__OFL.txt,"chinese-simplified,latin,menu",e5bf2c3f24ef2327c6f136d8f73e2f9dfdf44896fdbeb35a9515f44777bb91bc,5162508,not selected for balanced V2 family sample
Meie Script,handwriting,Google Fonts official repository,OFL,data/v2/raw/fonts/handwriting/Meie_Script__MeieScript-Regular.ttf,True,passed,,True,meiescript,ofl,e1118da94a8cb00cf6d06cdac9ef13eb1e5c6ab7,https://raw.githubusercontent.com/google/fonts/e1118da94a8cb00cf6d06cdac9ef13eb1e5c6ab7/ofl/meiescript/METADATA.pb,https://raw.githubusercontent.com/google/fonts/e1118da94a8cb00cf6d06cdac9ef13eb1e5c6ab7/ofl/meiescript/MeieScript-Regular.ttf,https://raw.githubusercontent.com/google/fonts/e1118da94a8cb00cf6d06cdac9ef13eb1e5c6ab7/ofl/meiescript/OFL.txt,data/v2/raw/fonts/handwriting/Meie_Script__OFL.txt,"latin,latin-ext,menu",006c66ba5d8de0b824821d9444ba97b149e26715944c1a8ab427bbb35704e6c0,128428,not selected for balanced V2 family sample
Miss Fajardose,handwriting,Google Fonts official repository,OFL,data/v2/raw/fonts/handwriting/Miss_Fajardose__MissFajardose-Regular.ttf,True,passed,,True,missfajardose,ofl,e1118da94a8cb00cf6d06cdac9ef13eb1e5c6ab7,https://raw.githubusercontent.com/google/fonts/e1118da94a8cb00cf6d06cdac9ef13eb1e5c6ab7/ofl/missfajardose/METADATA.pb,https://raw.githubusercontent.com/google/fonts/e1118da94a8cb00cf6d06cdac9ef13eb1e5c6ab7/ofl/missfajardose/MissFajardose-Regular.ttf,https://raw.githubusercontent.com/google/fonts/e1118da94a8cb00cf6d06cdac9ef13eb1e5c6ab7/ofl/missfajardose/OFL.txt,data/v2/raw/fonts/handwriting/Miss_Fajardose__OFL.txt,"latin,latin-ext,menu",f76e0f245e781a75ea9fa528706b417173f7741439369c07d1501276170ab709,58872,not selected for balanced V2 family sample
Montez,handwriting,Google Fonts official repository,APACHE2,data/v2/raw/fonts/handwriting/Montez__Montez-Regular.ttf,True,passed,,True,montez,apache,e1118da94a8cb00cf6d06cdac9ef13eb1e5c6ab7,https://raw.githubusercontent.com/google/fonts/e1118da94a8cb00cf6d06cdac9ef13eb1e5c6ab7/apache/montez/METADATA.pb,https://raw.githubusercontent.com/google/fonts/e1118da94a8cb00cf6d06cdac9ef13eb1e5c6ab7/apache/montez/Montez-Regular.ttf,https://raw.githubusercontent.com/google/fonts/e1118da94a8cb00cf6d06cdac9ef13eb1e5c6ab7/apache/montez/LICENSE.txt,data/v2/raw/fonts/handwriting/Montez__LICENSE.txt,"latin,menu",f58fc790f20cf612393737bb90c4ac418eea72147e988182f4eb7ee57f4639f3,77132,not selected for balanced V2 family sample
Mynerve,handwriting,Google Fonts official repository,OFL,data/v2/raw/fonts/handwriting/Mynerve__Mynerve-Regular.ttf,True,passed,,True,mynerve,ofl,e1118da94a8cb00cf6d06cdac9ef13eb1e5c6ab7,https://raw.githubusercontent.com/google/fonts/e1118da94a8cb00cf6d06cdac9ef13eb1e5c6ab7/ofl/mynerve/METADATA.pb,https://raw.githubusercontent.com/google/fonts/e1118da94a8cb00cf6d06cdac9ef13eb1e5c6ab7/ofl/mynerve/Mynerve-Regular.ttf,https://raw.githubusercontent.com/google/fonts/e1118da94a8cb00cf6d06cdac9ef13eb1e5c6ab7/ofl/mynerve/OFL.txt,data/v2/raw/fonts/handwriting/Mynerve__OFL.txt,"greek,latin,latin-ext,menu,vietnamese",1844706b0020e74f1cc38810266f8c45741bd0d9b7beeb05a584caee11dbc63e,279224,not selected for balanced V2 family sample
Nanum Pen Script,handwriting,Google Fonts official repository,OFL,data/v2/raw/fonts/handwriting/Nanum_Pen_Script__NanumPenScript-Regular.ttf,True,passed,,True,nanumpenscript,ofl,e1118da94a8cb00cf6d06cdac9ef13eb1e5c6ab7,https://raw.githubusercontent.com/google/fonts/e1118da94a8cb00cf6d06cdac9ef13eb1e5c6ab7/ofl/nanumpenscript/METADATA.pb,https://raw.githubusercontent.com/google/fonts/e1118da94a8cb00cf6d06cdac9ef13eb1e5c6ab7/ofl/nanumpenscript/NanumPenScript-Regular.ttf,https://raw.githubusercontent.com/google/fonts/e1118da94a8cb00cf6d06cdac9ef13eb1e5c6ab7/ofl/nanumpenscript/OFL.txt,data/v2/raw/fonts/handwriting/Nanum_Pen_Script__OFL.txt,"korean,latin,menu",6f0d1ab29c7894010dc88831fb7a0a51edb79136e450344183de5b1a8b52bd43,3201664,not selected for balanced V2 family sample
Over the Rainbow,handwriting,Google Fonts official repository,OFL,data/v2/raw/fonts/handwriting/Over_the_Rainbow__OvertheRainbow.ttf,True,passed,,True,overtherainbow,ofl,e1118da94a8cb00cf6d06cdac9ef13eb1e5c6ab7,https://raw.githubusercontent.com/google/fonts/e1118da94a8cb00cf6d06cdac9ef13eb1e5c6ab7/ofl/overtherainbow/METADATA.pb,https://raw.githubusercontent.com/google/fonts/e1118da94a8cb00cf6d06cdac9ef13eb1e5c6ab7/ofl/overtherainbow/OvertheRainbow.ttf,https://raw.githubusercontent.com/google/fonts/e1118da94a8cb00cf6d06cdac9ef13eb1e5c6ab7/ofl/overtherainbow/OFL.txt,data/v2/raw/fonts/handwriting/Over_the_Rainbow__OFL.txt,"latin,menu",62a232ccaa3f1a0b575947a88d1355c5e4c55f5e0ce65307ab91ea958915c3d3,47508,not selected for balanced V2 family sample
Parisienne,handwriting,Google Fonts official repository,OFL,data/v2/raw/fonts/handwriting/Parisienne__Parisienne-Regular.ttf,True,passed,,True,parisienne,ofl,e1118da94a8cb00cf6d06cdac9ef13eb1e5c6ab7,https://raw.githubusercontent.com/google/fonts/e1118da94a8cb00cf6d06cdac9ef13eb1e5c6ab7/ofl/parisienne/METADATA.pb,https://raw.githubusercontent.com/google/fonts/e1118da94a8cb00cf6d06cdac9ef13eb1e5c6ab7/ofl/parisienne/Parisienne-Regular.ttf,https://raw.githubusercontent.com/google/fonts/e1118da94a8cb00cf6d06cdac9ef13eb1e5c6ab7/ofl/parisienne/OFL.txt,data/v2/raw/fonts/handwriting/Parisienne__OFL.txt,"latin,latin-ext,menu",bc9ee17f022e20bc700797e5f557d14bfa43af0c98d9e6c9c5c1ca4ec7aacd57,61248,not selected for balanced V2 family sample
Patrick Hand,handwriting,Google Fonts official repository,OFL,data/v2/raw/fonts/handwriting/Patrick_Hand__PatrickHand-Regular.ttf,True,passed,,True,patrickhand,ofl,e1118da94a8cb00cf6d06cdac9ef13eb1e5c6ab7,https://raw.githubusercontent.com/google/fonts/e1118da94a8cb00cf6d06cdac9ef13eb1e5c6ab7/ofl/patrickhand/METADATA.pb,https://raw.githubusercontent.com/google/fonts/e1118da94a8cb00cf6d06cdac9ef13eb1e5c6ab7/ofl/patrickhand/PatrickHand-Regular.ttf,https://raw.githubusercontent.com/google/fonts/e1118da94a8cb00cf6d06cdac9ef13eb1e5c6ab7/ofl/patrickhand/OFL.txt,data/v2/raw/fonts/handwriting/Patrick_Hand__OFL.txt,"latin,latin-ext,menu,vietnamese",0f173b3e6cb6d1af25babf7f0057c5ac4ee11f9992b0469bb817e967ef4ad0fc,214772,not selected for balanced V2 family sample
Petit Formal Script,handwriting,Google Fonts official repository,OFL,data/v2/raw/fonts/handwriting/Petit_Formal_Script__PetitFormalScript-Regular.ttf,True,passed,,True,petitformalscript,ofl,e1118da94a8cb00cf6d06cdac9ef13eb1e5c6ab7,https://raw.githubusercontent.com/google/fonts/e1118da94a8cb00cf6d06cdac9ef13eb1e5c6ab7/ofl/petitformalscript/METADATA.pb,https://raw.githubusercontent.com/google/fonts/e1118da94a8cb00cf6d06cdac9ef13eb1e5c6ab7/ofl/petitformalscript/PetitFormalScript-Regular.ttf,https://raw.githubusercontent.com/google/fonts/e1118da94a8cb00cf6d06cdac9ef13eb1e5c6ab7/ofl/petitformalscript/OFL.txt,data/v2/raw/fonts/handwriting/Petit_Formal_Script__OFL.txt,"latin,latin-ext,menu",9b80a05170bac7f372b7e00bc762fe14bafd4abdeb013747b189f66525cffe89,175068,not selected for balanced V2 family sample
Playpen Sans Thai,handwriting,Google Fonts official repository,OFL,data/v2/raw/fonts/handwriting/Playpen_Sans_Thai__PlaypenSansThai[wght].ttf,True,passed,,True,playpensansthai,ofl,e1118da94a8cb00cf6d06cdac9ef13eb1e5c6ab7,https://raw.githubusercontent.com/google/fonts/e1118da94a8cb00cf6d06cdac9ef13eb1e5c6ab7/ofl/playpensansthai/METADATA.pb,https://raw.githubusercontent.com/google/fonts/e1118da94a8cb00cf6d06cdac9ef13eb1e5c6ab7/ofl/playpensansthai/PlaypenSansThai%5Bwght%5D.ttf,https://raw.githubusercontent.com/google/fonts/e1118da94a8cb00cf6d06cdac9ef13eb1e5c6ab7/ofl/playpensansthai/OFL.txt,data/v2/raw/fonts/handwriting/Playpen_Sans_Thai__OFL.txt,"emoji,latin,latin-ext,math,menu,thai",14ac51adb087ad8d0395e4b6c0a976d33421ecbc5fe3e3506415505da95f47ef,754920,not selected for balanced V2 family sample
Qwigley,handwriting,Google Fonts official repository,OFL,data/v2/raw/fonts/handwriting/Qwigley__Qwigley-Regular.ttf,True,passed,,True,qwigley,ofl,e1118da94a8cb00cf6d06cdac9ef13eb1e5c6ab7,https://raw.githubusercontent.com/google/fonts/e1118da94a8cb00cf6d06cdac9ef13eb1e5c6ab7/ofl/qwigley/METADATA.pb,https://raw.githubusercontent.com/google/fonts/e1118da94a8cb00cf6d06cdac9ef13eb1e5c6ab7/ofl/qwigley/Qwigley-Regular.ttf,https://raw.githubusercontent.com/google/fonts/e1118da94a8cb00cf6d06cdac9ef13eb1e5c6ab7/ofl/qwigley/OFL.txt,data/v2/raw/fonts/handwriting/Qwigley__OFL.txt,"latin,latin-ext,menu,vietnamese",6a018d872fa8ad613a71a48383b3f0f987a0e7cd305678ca3a7c87648e6cdbb2,87336,not selected for balanced V2 family sample
Rancho,handwriting,Google Fonts official repository,APACHE2,data/v2/raw/fonts/handwriting/Rancho__Rancho-Regular.ttf,True,passed,,True,rancho,apache,e1118da94a8cb00cf6d06cdac9ef13eb1e5c6ab7,https://raw.githubusercontent.com/google/fonts/e1118da94a8cb00cf6d06cdac9ef13eb1e5c6ab7/apache/rancho/METADATA.pb,https://raw.githubusercontent.com/google/fonts/e1118da94a8cb00cf6d06cdac9ef13eb1e5c6ab7/apache/rancho/Rancho-Regular.ttf,https://raw.githubusercontent.com/google/fonts/e1118da94a8cb00cf6d06cdac9ef13eb1e5c6ab7/apache/rancho/LICENSE.txt,data/v2/raw/fonts/handwriting/Rancho__LICENSE.txt,"latin,menu",1add7ee1a98ace8d687935b2a1735e1c53efc8a2108b73c8828db2df8a231306,44832,not selected for balanced V2 family sample
Ruge Boogie,handwriting,Google Fonts official repository,OFL,data/v2/raw/fonts/handwriting/Ruge_Boogie__RugeBoogie-Regular.ttf,True,passed,,True,rugeboogie,ofl,e1118da94a8cb00cf6d06cdac9ef13eb1e5c6ab7,https://raw.githubusercontent.com/google/fonts/e1118da94a8cb00cf6d06cdac9ef13eb1e5c6ab7/ofl/rugeboogie/METADATA.pb,https://raw.githubusercontent.com/google/fonts/e1118da94a8cb00cf6d06cdac9ef13eb1e5c6ab7/ofl/rugeboogie/RugeBoogie-Regular.ttf,https://raw.githubusercontent.com/google/fonts/e1118da94a8cb00cf6d06cdac9ef13eb1e5c6ab7/ofl/rugeboogie/OFL.txt,data/v2/raw/fonts/handwriting/Ruge_Boogie__OFL.txt,"latin,latin-ext,menu,vietnamese",affe25b2431ecd42cb8c6eeb2de56bb264d666e6a4b2b27b6ac3e2257436eed0,329956,not selected for balanced V2 family sample
Satisfy,handwriting,Google Fonts official repository,APACHE2,data/v2/raw/fonts/handwriting/Satisfy__Satisfy-Regular.ttf,True,passed,,True,satisfy,apache,e1118da94a8cb00cf6d06cdac9ef13eb1e5c6ab7,https://raw.githubusercontent.com/google/fonts/e1118da94a8cb00cf6d06cdac9ef13eb1e5c6ab7/apache/satisfy/METADATA.pb,https://raw.githubusercontent.com/google/fonts/e1118da94a8cb00cf6d06cdac9ef13eb1e5c6ab7/apache/satisfy/Satisfy-Regular.ttf,https://raw.githubusercontent.com/google/fonts/e1118da94a8cb00cf6d06cdac9ef13eb1e5c6ab7/apache/satisfy/LICENSE.txt,data/v2/raw/fonts/handwriting/Satisfy__LICENSE.txt,"latin,menu",55bb141a0a23a32278d5fa7fd2e853824faa173b94774660ebeddb106be07c80,47928,not selected for balanced V2 family sample
Fira Mono,monospace,Google Fonts official repository,OFL,data/v2/raw/fonts/monospace/Fira_Mono__FiraMono-Regular.ttf,True,passed,,True,firamono,ofl,e1118da94a8cb00cf6d06cdac9ef13eb1e5c6ab7,https://raw.githubusercontent.com/google/fonts/e1118da94a8cb00cf6d06cdac9ef13eb1e5c6ab7/ofl/firamono/METADATA.pb,https://raw.githubusercontent.com/google/fonts/e1118da94a8cb00cf6d06cdac9ef13eb1e5c6ab7/ofl/firamono/FiraMono-Regular.ttf,https://raw.githubusercontent.com/google/fonts/e1118da94a8cb00cf6d06cdac9ef13eb1e5c6ab7/ofl/firamono/OFL.txt,data/v2/raw/fonts/monospace/Fira_Mono__OFL.txt,"cyrillic,cyrillic-ext,greek,greek-ext,latin,latin-ext,menu,symbols2",2e00b0cf3106a3d792f35711b7722740b76c02ee7300ea8c60f940584b7a8ac9,174596,protected historical V1 test family
Roboto Mono,monospace,Google Fonts official repository,OFL,data/v2/raw/fonts/monospace/Roboto_Mono__RobotoMono[wght].ttf,True,passed,,True,robotomono,ofl,e1118da94a8cb00cf6d06cdac9ef13eb1e5c6ab7,https://raw.githubusercontent.com/google/fonts/e1118da94a8cb00cf6d06cdac9ef13eb1e5c6ab7/ofl/robotomono/METADATA.pb,https://raw.githubusercontent.com/google/fonts/e1118da94a8cb00cf6d06cdac9ef13eb1e5c6ab7/ofl/robotomono/RobotoMono%5Bwght%5D.ttf,https://raw.githubusercontent.com/google/fonts/e1118da94a8cb00cf6d06cdac9ef13eb1e5c6ab7/ofl/robotomono/OFL.txt,data/v2/raw/fonts/monospace/Roboto_Mono__OFL.txt,"cyrillic,cyrillic-ext,greek,latin,latin-ext,menu,vietnamese",66a80e79d17e4c7cabd162e2916578a4cc08fd19eef6e2a643305eae9c567b2b,183700,protected historical V1 test family
Sometype Mono,monospace,Google Fonts official repository,OFL,data/v2/raw/fonts/monospace/Sometype_Mono__SometypeMono[wght].ttf,True,passed,,True,sometypemono,ofl,e1118da94a8cb00cf6d06cdac9ef13eb1e5c6ab7,https://raw.githubusercontent.com/google/fonts/e1118da94a8cb00cf6d06cdac9ef13eb1e5c6ab7/ofl/sometypemono/METADATA.pb,https://raw.githubusercontent.com/google/fonts/e1118da94a8cb00cf6d06cdac9ef13eb1e5c6ab7/ofl/sometypemono/SometypeMono%5Bwght%5D.ttf,https://raw.githubusercontent.com/google/fonts/e1118da94a8cb00cf6d06cdac9ef13eb1e5c6ab7/ofl/sometypemono/OFL.txt,data/v2/raw/fonts/monospace/Sometype_Mono__OFL.txt,"latin,latin-ext,menu",4095fd328c988392fb00ab867134e69beff0fc16de66ecdd9e7e232c16f16f25,64308,protected historical V1 test family
Fira Code,monospace,Google Fonts official repository,OFL,data/v2/raw/fonts/monospace/Fira_Code__FiraCode[wght].ttf,True,passed,,True,firacode,ofl,e1118da94a8cb00cf6d06cdac9ef13eb1e5c6ab7,https://raw.githubusercontent.com/google/fonts/e1118da94a8cb00cf6d06cdac9ef13eb1e5c6ab7/ofl/firacode/METADATA.pb,https://raw.githubusercontent.com/google/fonts/e1118da94a8cb00cf6d06cdac9ef13eb1e5c6ab7/ofl/firacode/FiraCode%5Bwght%5D.ttf,https://raw.githubusercontent.com/google/fonts/e1118da94a8cb00cf6d06cdac9ef13eb1e5c6ab7/ofl/firacode/OFL.txt,data/v2/raw/fonts/monospace/Fira_Code__OFL.txt,"cyrillic,cyrillic-ext,greek,greek-ext,latin,latin-ext,menu,symbols2",9335b082b3c7850d98a64b584f3417f65355f3471278bb5eeb8c6c0e8657aeeb,260364,not selected for balanced V2 family sample
Space Mono,monospace,Google Fonts official repository,OFL,data/v2/raw/fonts/monospace/Space_Mono__SpaceMono-Regular.ttf,True,passed,,True,spacemono,ofl,e1118da94a8cb00cf6d06cdac9ef13eb1e5c6ab7,https://raw.githubusercontent.com/google/fonts/e1118da94a8cb00cf6d06cdac9ef13eb1e5c6ab7/ofl/spacemono/METADATA.pb,https://raw.githubusercontent.com/google/fonts/e1118da94a8cb00cf6d06cdac9ef13eb1e5c6ab7/ofl/spacemono/SpaceMono-Regular.ttf,https://raw.githubusercontent.com/google/fonts/e1118da94a8cb00cf6d06cdac9ef13eb1e5c6ab7/ofl/spacemono/OFL.txt,data/v2/raw/fonts/monospace/Space_Mono__OFL.txt,"latin,latin-ext,menu,vietnamese",95837e182baeeada83368f7748db28357f0a1b75c6b84ff7065b5edf933c8e18,99356,not selected for balanced V2 family sample
