image_path,family,category,split,rendered_text,font_file,applied_effects,seed,preview_index
data/processed/fontsense_preview/images/train/serif/Alegreya/Alegreya_00.png,Alegreya,serif,train,Simple Text,data/raw/fonts/google_fonts/serif/Alegreya__Alegreya[wght].ttf,"{""background"": ""light"", ""blur_radius"": null, ""font_size"": 37, ""jpeg_quality"": null, ""letter_spacing_px"": 2, ""rotation_degrees"": 0.121}",42000126,0
data/processed/fontsense_preview/images/train/serif/Alegreya/Alegreya_01.png,Alegreya,serif,train,Quiet Words,data/raw/fonts/google_fonts/serif/Alegreya__Alegreya[wght].ttf,"{""background"": ""light"", ""blur_radius"": null, ""font_size"": 34, ""jpeg_quality"": null, ""letter_spacing_px"": 1, ""rotation_degrees"": 1.424}",42000127,1
data/processed/fontsense_preview/images/train/serif/Bree_Serif/Bree_Serif_00.png,Bree Serif,serif,train,Fresh Lines,data/raw/fonts/google_fonts/serif/Bree_Serif__BreeSerif-Regular.ttf,"{""background"": ""light"", ""blur_radius"": 0.225, ""font_size"": 36, ""jpeg_quality"": null, ""letter_spacing_px"": 1, ""rotation_degrees"": -1.374}",42010133,0
data/processed/fontsense_preview/images/train/serif/Bree_Serif/Bree_Serif_01.png,Bree Serif,serif,train,Bright Idea,data/raw/fonts/google_fonts/serif/Bree_Serif__BreeSerif-Regular.ttf,"{""background"": ""light"", ""blur_radius"": null, ""font_size"": 38, ""jpeg_quality"": null, ""letter_spacing_px"": 1, ""rotation_degrees"": -1.337}",42010134,1
data/processed/fontsense_preview/images/train/serif/Crimson_Pro/Crimson_Pro_00.png,Crimson Pro,serif,train,Hello World,data/raw/fonts/google_fonts/serif/Crimson_Pro__CrimsonPro[wght].ttf,"{""background"": ""dark"", ""blur_radius"": null, ""font_size"": 36, ""jpeg_quality"": 90, ""letter_spacing_px"": 2, ""rotation_degrees"": 0.648}",42020140,0
data/processed/fontsense_preview/images/train/serif/Crimson_Pro/Crimson_Pro_01.png,Crimson Pro,serif,train,Open Source,data/raw/fonts/google_fonts/serif/Crimson_Pro__CrimsonPro[wght].ttf,"{""background"": ""light"", ""blur_radius"": 0.336, ""font_size"": 36, ""jpeg_quality"": null, ""letter_spacing_px"": 2, ""rotation_degrees"": -1.464}",42020141,1
data/processed/fontsense_preview/images/train/serif/Domine/Domine_00.png,Domine,serif,train,Hello World,data/raw/fonts/google_fonts/serif/Domine__Domine[wght].ttf,"{""background"": ""light"", ""blur_radius"": 0.287, ""font_size"": 34, ""jpeg_quality"": 83, ""letter_spacing_px"": 0, ""rotation_degrees"": -0.526}",42030147,0
data/processed/fontsense_preview/images/train/serif/Domine/Domine_01.png,Domine,serif,train,Bold Shapes,data/raw/fonts/google_fonts/serif/Domine__Domine[wght].ttf,"{""background"": ""light"", ""blur_radius"": null, ""font_size"": 30, ""jpeg_quality"": null, ""letter_spacing_px"": 2, ""rotation_degrees"": 1.197}",42030148,1
data/processed/fontsense_preview/images/train/serif/Frank_Ruhl_Libre/Frank_Ruhl_Libre_00.png,Frank Ruhl Libre,serif,train,Visual Story,data/raw/fonts/google_fonts/serif/Frank_Ruhl_Libre__FrankRuhlLibre[wght].ttf,"{""background"": ""light"", ""blur_radius"": null, ""font_size"": 38, ""jpeg_quality"": null, ""letter_spacing_px"": 0, ""rotation_degrees"": -0.641}",42040154,0
data/processed/fontsense_preview/images/train/serif/Frank_Ruhl_Libre/Frank_Ruhl_Libre_01.png,Frank Ruhl Libre,serif,train,Daily Notes,data/raw/fonts/google_fonts/serif/Frank_Ruhl_Libre__FrankRuhlLibre[wght].ttf,"{""background"": ""light"", ""blur_radius"": null, ""font_size"": 37, ""jpeg_quality"": null, ""letter_spacing_px"": 1, ""rotation_degrees"": -0.934}",42040155,1
data/processed/fontsense_preview/images/train/serif/Gentium_Book_Plus/Gentium_Book_Plus_00.png,Gentium Book Plus,serif,train,Bold Shapes,data/raw/fonts/google_fonts/serif/Gentium_Book_Plus__GentiumBookPlus-Regular.ttf,"{""background"": ""dark"", ""blur_radius"": null, ""font_size"": 36, ""jpeg_quality"": 81, ""letter_spacing_px"": 1, ""rotation_degrees"": 0.874}",42050161,0
data/processed/fontsense_preview/images/train/serif/Gentium_Book_Plus/Gentium_Book_Plus_01.png,Gentium Book Plus,serif,train,Smart Layout,data/raw/fonts/google_fonts/serif/Gentium_Book_Plus__GentiumBookPlus-Regular.ttf,"{""background"": ""light"", ""blur_radius"": 0.341, ""font_size"": 33, ""jpeg_quality"": null, ""letter_spacing_px"": 1, ""rotation_degrees"": 0.473}",42050162,1
data/processed/fontsense_preview/images/train/serif/Newsreader/Newsreader_00.png,Newsreader,serif,train,Quiet Words,"data/raw/fonts/google_fonts/serif/Newsreader__Newsreader[opsz,wght].ttf","{""background"": ""light"", ""blur_radius"": null, ""font_size"": 38, ""jpeg_quality"": null, ""letter_spacing_px"": 0, ""rotation_degrees"": -1.234}",42060168,0
data/processed/fontsense_preview/images/train/serif/Newsreader/Newsreader_01.png,Newsreader,serif,train,Fresh Lines,"data/raw/fonts/google_fonts/serif/Newsreader__Newsreader[opsz,wght].ttf","{""background"": ""light"", ""blur_radius"": 0.312, ""font_size"": 37, ""jpeg_quality"": null, ""letter_spacing_px"": 2, ""rotation_degrees"": -0.295}",42060169,1
data/processed/fontsense_preview/images/train/serif/Noto_Serif/Noto_Serif_00.png,Noto Serif,serif,train,Hello World,"data/raw/fonts/google_fonts/serif/Noto_Serif__NotoSerif[wdth,wght].ttf","{""background"": ""dark"", ""blur_radius"": null, ""font_size"": 31, ""jpeg_quality"": null, ""letter_spacing_px"": 1, ""rotation_degrees"": -1.154}",42070175,0
data/processed/fontsense_preview/images/train/serif/Noto_Serif/Noto_Serif_01.png,Noto Serif,serif,train,Creative Work,"data/raw/fonts/google_fonts/serif/Noto_Serif__NotoSerif[wdth,wght].ttf","{""background"": ""light"", ""blur_radius"": null, ""font_size"": 28, ""jpeg_quality"": 85, ""letter_spacing_px"": 0, ""rotation_degrees"": 0.94}",42070176,1
data/processed/fontsense_preview/images/train/serif/Playfair_Display/Playfair_Display_00.png,Playfair Display,serif,train,Modern Type,data/raw/fonts/google_fonts/serif/Playfair_Display__PlayfairDisplay[wght].ttf,"{""background"": ""light"", ""blur_radius"": null, ""font_size"": 33, ""jpeg_quality"": null, ""letter_spacing_px"": 0, ""rotation_degrees"": 1.406}",42080182,0
data/processed/fontsense_preview/images/train/serif/Playfair_Display/Playfair_Display_01.png,Playfair Display,serif,train,Clear Design,data/raw/fonts/google_fonts/serif/Playfair_Display__PlayfairDisplay[wght].ttf,"{""background"": ""dark"", ""blur_radius"": null, ""font_size"": 32, ""jpeg_quality"": null, ""letter_spacing_px"": 1, ""rotation_degrees"": -0.412}",42080183,1
data/processed/fontsense_preview/images/train/serif/Roboto_Slab/Roboto_Slab_00.png,Roboto Slab,serif,train,Daily Notes,data/raw/fonts/google_fonts/serif/Roboto_Slab__RobotoSlab[wght].ttf,"{""background"": ""light"", ""blur_radius"": 0.217, ""font_size"": 32, ""jpeg_quality"": 89, ""letter_spacing_px"": 0, ""rotation_degrees"": -0.138}",42090189,0
data/processed/fontsense_preview/images/train/serif/Roboto_Slab/Roboto_Slab_01.png,Roboto Slab,serif,train,Open Source,data/raw/fonts/google_fonts/serif/Roboto_Slab__RobotoSlab[wght].ttf,"{""background"": ""dark"", ""blur_radius"": null, ""font_size"": 31, ""jpeg_quality"": null, ""letter_spacing_px"": 2, ""rotation_degrees"": -0.499}",42090190,1
data/processed/fontsense_preview/images/train/serif/Rokkitt/Rokkitt_00.png,Rokkitt,serif,train,Visual Story,data/raw/fonts/google_fonts/serif/Rokkitt__Rokkitt[wght].ttf,"{""background"": ""light"", ""blur_radius"": null, ""font_size"": 38, ""jpeg_quality"": null, ""letter_spacing_px"": 0, ""rotation_degrees"": -0.045}",42100196,0
data/processed/fontsense_preview/images/train/serif/Rokkitt/Rokkitt_01.png,Rokkitt,serif,train,Bold Shapes,data/raw/fonts/google_fonts/serif/Rokkitt__Rokkitt[wght].ttf,"{""background"": ""light"", ""blur_radius"": 0.312, ""font_size"": 36, ""jpeg_quality"": null, ""letter_spacing_px"": 1, ""rotation_degrees"": -0.601}",42100197,1
data/processed/fontsense_preview/images/train/serif/Zilla_Slab/Zilla_Slab_00.png,Zilla Slab,serif,train,Type Study,data/raw/fonts/google_fonts/serif/Zilla_Slab__ZillaSlab-Regular.ttf,"{""background"": ""dark"", ""blur_radius"": null, ""font_size"": 34, ""jpeg_quality"": null, ""letter_spacing_px"": 1, ""rotation_degrees"": 0.004}",42110203,0
data/processed/fontsense_preview/images/train/serif/Zilla_Slab/Zilla_Slab_01.png,Zilla Slab,serif,train,Open Source,data/raw/fonts/google_fonts/serif/Zilla_Slab__ZillaSlab-Regular.ttf,"{""background"": ""light"", ""blur_radius"": 0.338, ""font_size"": 36, ""jpeg_quality"": null, ""letter_spacing_px"": 0, ""rotation_degrees"": 0.669}",42110204,1
data/processed/fontsense_preview/images/validation/serif/Libre_Caslon_Text/Libre_Caslon_Text_00.png,Libre Caslon Text,serif,validation,Bright Idea,data/raw/fonts/google_fonts/serif/Libre_Caslon_Text__LibreCaslonText[wght].ttf,"{""background"": ""dark"", ""blur_radius"": null, ""font_size"": 33, ""jpeg_quality"": null, ""letter_spacing_px"": 2, ""rotation_degrees"": -0.619}",42120210,0
data/processed/fontsense_preview/images/validation/serif/Libre_Caslon_Text/Libre_Caslon_Text_01.png,Libre Caslon Text,serif,validation,Quiet Words,data/raw/fonts/google_fonts/serif/Libre_Caslon_Text__LibreCaslonText[wght].ttf,"{""background"": ""light"", ""blur_radius"": null, ""font_size"": 33, ""jpeg_quality"": null, ""letter_spacing_px"": 0, ""rotation_degrees"": 1.328}",42120211,1
data/processed/fontsense_preview/images/validation/serif/PT_Serif/PT_Serif_00.png,PT Serif,serif,validation,Creative Work,data/raw/fonts/google_fonts/serif/PT_Serif__PT_Serif-Web-Regular.ttf,"{""background"": ""light"", ""blur_radius"": null, ""font_size"": 29, ""jpeg_quality"": null, ""letter_spacing_px"": 1, ""rotation_degrees"": 0.662}",42130217,0
data/processed/fontsense_preview/images/validation/serif/PT_Serif/PT_Serif_01.png,PT Serif,serif,validation,Font Sense,data/raw/fonts/google_fonts/serif/PT_Serif__PT_Serif-Web-Regular.ttf,"{""background"": ""light"", ""blur_radius"": null, ""font_size"": 39, ""jpeg_quality"": null, ""letter_spacing_px"": 1, ""rotation_degrees"": 0.491}",42130218,1
data/processed/fontsense_preview/images/validation/serif/Source_Serif_4/Source_Serif_4_00.png,Source Serif 4,serif,validation,Creative Work,"data/raw/fonts/google_fonts/serif/Source_Serif_4__SourceSerif4[opsz,wght].ttf","{""background"": ""light"", ""blur_radius"": 0.363, ""font_size"": 26, ""jpeg_quality"": 80, ""letter_spacing_px"": 2, ""rotation_degrees"": 1.459}",42140224,0
data/processed/fontsense_preview/images/validation/serif/Source_Serif_4/Source_Serif_4_01.png,Source Serif 4,serif,validation,Modern Type,"data/raw/fonts/google_fonts/serif/Source_Serif_4__SourceSerif4[opsz,wght].ttf","{""background"": ""light"", ""blur_radius"": 0.433, ""font_size"": 32, ""jpeg_quality"": null, ""letter_spacing_px"": 1, ""rotation_degrees"": -0.454}",42140225,1
data/processed/fontsense_preview/images/test/serif/Cormorant_Garamond/Cormorant_Garamond_00.png,Cormorant Garamond,serif,test,Quiet Words,data/raw/fonts/google_fonts/serif/Cormorant_Garamond__CormorantGaramond[wght].ttf,"{""background"": ""light"", ""blur_radius"": null, ""font_size"": 37, ""jpeg_quality"": null, ""letter_spacing_px"": 1, ""rotation_degrees"": -1.23}",42150231,0
data/processed/fontsense_preview/images/test/serif/Cormorant_Garamond/Cormorant_Garamond_01.png,Cormorant Garamond,serif,test,Modern Type,data/raw/fonts/google_fonts/serif/Cormorant_Garamond__CormorantGaramond[wght].ttf,"{""background"": ""dark"", ""blur_radius"": null, ""font_size"": 33, ""jpeg_quality"": 92, ""letter_spacing_px"": 1, ""rotation_degrees"": 1.124}",42150232,1
data/processed/fontsense_preview/images/test/serif/Libre_Baskerville/Libre_Baskerville_00.png,Libre Baskerville,serif,test,Creative Work,data/raw/fonts/google_fonts/serif/Libre_Baskerville__LibreBaskerville[wght].ttf,"{""background"": ""light"", ""blur_radius"": null, ""font_size"": 22, ""jpeg_quality"": null, ""letter_spacing_px"": 2, ""rotation_degrees"": 0.256}",42160238,0
data/processed/fontsense_preview/images/test/serif/Libre_Baskerville/Libre_Baskerville_01.png,Libre Baskerville,serif,test,Open Source,data/raw/fonts/google_fonts/serif/Libre_Baskerville__LibreBaskerville[wght].ttf,"{""background"": ""light"", ""blur_radius"": 0.449, ""font_size"": 28, ""jpeg_quality"": null, ""letter_spacing_px"": 1, ""rotation_degrees"": -0.901}",42160239,1
data/processed/fontsense_preview/images/test/serif/Merriweather/Merriweather_00.png,Merriweather,serif,test,Quiet Words,"data/raw/fonts/google_fonts/serif/Merriweather__Merriweather[opsz,wdth,wght].ttf","{""background"": ""light"", ""blur_radius"": null, ""font_size"": 30, ""jpeg_quality"": null, ""letter_spacing_px"": 2, ""rotation_degrees"": -0.244}",42170245,0
data/processed/fontsense_preview/images/test/serif/Merriweather/Merriweather_01.png,Merriweather,serif,test,Clear Design,"data/raw/fonts/google_fonts/serif/Merriweather__Merriweather[opsz,wdth,wght].ttf","{""background"": ""dark"", ""blur_radius"": null, ""font_size"": 32, ""jpeg_quality"": 81, ""letter_spacing_px"": 0, ""rotation_degrees"": 0.985}",42170246,1
data/processed/fontsense_preview/images/train/sans_serif/Barlow/Barlow_00.png,Barlow,sans_serif,train,Smart Layout,data/raw/fonts/google_fonts/sans_serif/Barlow__Barlow-Regular.ttf,"{""background"": ""light"", ""blur_radius"": null, ""font_size"": 32, ""jpeg_quality"": null, ""letter_spacing_px"": 1, ""rotation_degrees"": -1.095}",42180252,0
data/processed/fontsense_preview/images/train/sans_serif/Barlow/Barlow_01.png,Barlow,sans_serif,train,Font Sense,data/raw/fonts/google_fonts/sans_serif/Barlow__Barlow-Regular.ttf,"{""background"": ""light"", ""blur_radius"": null, ""font_size"": 41, ""jpeg_quality"": 89, ""letter_spacing_px"": 0, ""rotation_degrees"": 0.142}",42180253,1
data/processed/fontsense_preview/images/train/sans_serif/Exo_2/Exo_2_00.png,Exo 2,sans_serif,train,Clear Design,data/raw/fonts/google_fonts/sans_serif/Exo_2__Exo2[wght].ttf,"{""background"": ""light"", ""blur_radius"": null, ""font_size"": 31, ""jpeg_quality"": 86, ""letter_spacing_px"": 2, ""rotation_degrees"": -0.104}",42190259,0
data/processed/fontsense_preview/images/train/sans_serif/Exo_2/Exo_2_01.png,Exo 2,sans_serif,train,Daily Notes,data/raw/fonts/google_fonts/sans_serif/Exo_2__Exo2[wght].ttf,"{""background"": ""light"", ""blur_radius"": null, ""font_size"": 36, ""jpeg_quality"": 88, ""letter_spacing_px"": 1, ""rotation_degrees"": 1.018}",42190260,1
data/processed/fontsense_preview/images/train/sans_serif/Inter/Inter_00.png,Inter,sans_serif,train,Clear Design,"data/raw/fonts/google_fonts/sans_serif/Inter__Inter[opsz,wght].ttf","{""background"": ""light"", ""blur_radius"": null, ""font_size"": 29, ""jpeg_quality"": null, ""letter_spacing_px"": 2, ""rotation_degrees"": -1.317}",42200266,0
data/processed/fontsense_preview/images/train/sans_serif/Inter/Inter_01.png,Inter,sans_serif,train,Modern Type,"data/raw/fonts/google_fonts/sans_serif/Inter__Inter[opsz,wght].ttf","{""background"": ""dark"", ""blur_radius"": null, ""font_size"": 29, ""jpeg_quality"": null, ""letter_spacing_px"": 2, ""rotation_degrees"": -1.461}",42200267,1
data/processed/fontsense_preview/images/train/sans_serif/Karla/Karla_00.png,Karla,sans_serif,train,Hello World,data/raw/fonts/google_fonts/sans_serif/Karla__Karla[wght].ttf,"{""background"": ""light"", ""blur_radius"": null, ""font_size"": 38, ""jpeg_quality"": null, ""letter_spacing_px"": 0, ""rotation_degrees"": -0.026}",42210273,0
data/processed/fontsense_preview/images/train/sans_serif/Karla/Karla_01.png,Karla,sans_serif,train,Creative Work,data/raw/fonts/google_fonts/sans_serif/Karla__Karla[wght].ttf,"{""background"": ""dark"", ""blur_radius"": null, ""font_size"": 27, ""jpeg_quality"": null, ""letter_spacing_px"": 2, ""rotation_degrees"": 0.12}",42210274,1
data/processed/fontsense_preview/images/train/sans_serif/Lato/Lato_00.png,Lato,sans_serif,train,Open Source,data/raw/fonts/google_fonts/sans_serif/Lato__Lato-Regular.ttf,"{""background"": ""light"", ""blur_radius"": null, ""font_size"": 33, ""jpeg_quality"": null, ""letter_spacing_px"": 1, ""rotation_degrees"": 1.327}",42220280,0
data/processed/fontsense_preview/images/train/sans_serif/Lato/Lato_01.png,Lato,sans_serif,train,Smart Layout,data/raw/fonts/google_fonts/sans_serif/Lato__Lato-Regular.ttf,"{""background"": ""light"", ""blur_radius"": null, ""font_size"": 32, ""jpeg_quality"": null, ""letter_spacing_px"": 1, ""rotation_degrees"": -0.267}",42220281,1
data/processed/fontsense_preview/images/train/sans_serif/Lexend/Lexend_00.png,Lexend,sans_serif,train,Quiet Words,data/raw/fonts/google_fonts/sans_serif/Lexend__Lexend[wght].ttf,"{""background"": ""light"", ""blur_radius"": null, ""font_size"": 31, ""jpeg_quality"": null, ""letter_spacing_px"": 1, ""rotation_degrees"": -1.338}",42230287,0
data/processed/fontsense_preview/images/train/sans_serif/Lexend/Lexend_01.png,Lexend,sans_serif,train,Modern Type,data/raw/fonts/google_fonts/sans_serif/Lexend__Lexend[wght].ttf,"{""background"": ""dark"", ""blur_radius"": 0.346, ""font_size"": 31, ""jpeg_quality"": 85, ""letter_spacing_px"": 0, ""rotation_degrees"": -1.034}",42230288,1
data/processed/fontsense_preview/images/train/sans_serif/Manrope/Manrope_00.png,Manrope,sans_serif,train,Hello World,data/raw/fonts/google_fonts/sans_serif/Manrope__Manrope[wght].ttf,"{""background"": ""light"", ""blur_radius"": null, ""font_size"": 37, ""jpeg_quality"": null, ""letter_spacing_px"": 0, ""rotation_degrees"": 0.986}",42240294,0
data/processed/fontsense_preview/images/train/sans_serif/Manrope/Manrope_01.png,Manrope,sans_serif,train,Open Source,data/raw/fonts/google_fonts/sans_serif/Manrope__Manrope[wght].ttf,"{""background"": ""light"", ""blur_radius"": 0.16, ""font_size"": 32, ""jpeg_quality"": null, ""letter_spacing_px"": 1, ""rotation_degrees"": -0.817}",42240295,1
data/processed/fontsense_preview/images/train/sans_serif/Montserrat/Montserrat_00.png,Montserrat,sans_serif,train,Open Source,data/raw/fonts/google_fonts/sans_serif/Montserrat__Montserrat[wght].ttf,"{""background"": ""light"", ""blur_radius"": null, ""font_size"": 30, ""jpeg_quality"": null, ""letter_spacing_px"": 0, ""rotation_degrees"": 0.374}",42250301,0
data/processed/fontsense_preview/images/train/sans_serif/Montserrat/Montserrat_01.png,Montserrat,sans_serif,train,Visual Story,data/raw/fonts/google_fonts/sans_serif/Montserrat__Montserrat[wght].ttf,"{""background"": ""light"", ""blur_radius"": null, ""font_size"": 34, ""jpeg_quality"": null, ""letter_spacing_px"": 0, ""rotation_degrees"": -0.029}",42250302,1
data/processed/fontsense_preview/images/train/sans_serif/Poppins/Poppins_00.png,Poppins,sans_serif,train,Bright Idea,data/raw/fonts/google_fonts/sans_serif/Poppins__Poppins-Regular.ttf,"{""background"": ""light"", ""blur_radius"": 0.215, ""font_size"": 35, ""jpeg_quality"": null, ""letter_spacing_px"": 1, ""rotation_degrees"": 0.883}",42260308,0
data/processed/fontsense_preview/images/train/sans_serif/Poppins/Poppins_01.png,Poppins,sans_serif,train,Smart Layout,data/raw/fonts/google_fonts/sans_serif/Poppins__Poppins-Regular.ttf,"{""background"": ""light"", ""blur_radius"": null, ""font_size"": 31, ""jpeg_quality"": null, ""letter_spacing_px"": 0, ""rotation_degrees"": 1.499}",42260309,1
data/processed/fontsense_preview/images/train/sans_serif/Roboto/Roboto_00.png,Roboto,sans_serif,train,Hello World,"data/raw/fonts/google_fonts/sans_serif/Roboto__Roboto[wdth,wght].ttf","{""background"": ""light"", ""blur_radius"": null, ""font_size"": 39, ""jpeg_quality"": null, ""letter_spacing_px"": 0, ""rotation_degrees"": -0.999}",42270315,0
data/processed/fontsense_preview/images/train/sans_serif/Roboto/Roboto_01.png,Roboto,sans_serif,train,Quiet Words,"data/raw/fonts/google_fonts/sans_serif/Roboto__Roboto[wdth,wght].ttf","{""background"": ""light"", ""blur_radius"": 0.29, ""font_size"": 36, ""jpeg_quality"": null, ""letter_spacing_px"": 0, ""rotation_degrees"": 0.42}",42270316,1
data/processed/fontsense_preview/images/train/sans_serif/Rubik/Rubik_00.png,Rubik,sans_serif,train,Simple Text,data/raw/fonts/google_fonts/sans_serif/Rubik__Rubik[wght].ttf,"{""background"": ""light"", ""blur_radius"": null, ""font_size"": 36, ""jpeg_quality"": 83, ""letter_spacing_px"": 0, ""rotation_degrees"": -0.937}",42280322,0
data/processed/fontsense_preview/images/train/sans_serif/Rubik/Rubik_01.png,Rubik,sans_serif,train,Smart Layout,data/raw/fonts/google_fonts/sans_serif/Rubik__Rubik[wght].ttf,"{""background"": ""dark"", ""blur_radius"": null, ""font_size"": 32, ""jpeg_quality"": null, ""letter_spacing_px"": 0, ""rotation_degrees"": -0.15}",42280323,1
data/processed/fontsense_preview/images/train/sans_serif/Urbanist/Urbanist_00.png,Urbanist,sans_serif,train,Creative Work,data/raw/fonts/google_fonts/sans_serif/Urbanist__Urbanist[wght].ttf,"{""background"": ""light"", ""blur_radius"": null, ""font_size"": 30, ""jpeg_quality"": 81, ""letter_spacing_px"": 1, ""rotation_degrees"": 1.099}",42290329,0
data/processed/fontsense_preview/images/train/sans_serif/Urbanist/Urbanist_01.png,Urbanist,sans_serif,train,Modern Type,data/raw/fonts/google_fonts/sans_serif/Urbanist__Urbanist[wght].ttf,"{""background"": ""light"", ""blur_radius"": null, ""font_size"": 33, ""jpeg_quality"": null, ""letter_spacing_px"": 0, ""rotation_degrees"": 0.877}",42290330,1
data/processed/fontsense_preview/images/validation/sans_serif/Archivo/Archivo_00.png,Archivo,sans_serif,validation,Modern Type,"data/raw/fonts/google_fonts/sans_serif/Archivo__Archivo[wdth,wght].ttf","{""background"": ""light"", ""blur_radius"": null, ""font_size"": 32, ""jpeg_quality"": 79, ""letter_spacing_px"": 1, ""rotation_degrees"": 0.503}",42300336,0
data/processed/fontsense_preview/images/validation/sans_serif/Archivo/Archivo_01.png,Archivo,sans_serif,validation,Clear Design,"data/raw/fonts/google_fonts/sans_serif/Archivo__Archivo[wdth,wght].ttf","{""background"": ""light"", ""blur_radius"": null, ""font_size"": 33, ""jpeg_quality"": 87, ""letter_spacing_px"": 1, ""rotation_degrees"": 0.765}",42300337,1
data/processed/fontsense_preview/images/validation/sans_serif/Mulish/Mulish_00.png,Mulish,sans_serif,validation,Clear Design,data/raw/fonts/google_fonts/sans_serif/Mulish__Mulish[wght].ttf,"{""background"": ""light"", ""blur_radius"": null, ""font_size"": 31, ""jpeg_quality"": null, ""letter_spacing_px"": 1, ""rotation_degrees"": -0.079}",42310343,0
data/processed/fontsense_preview/images/validation/sans_serif/Mulish/Mulish_01.png,Mulish,sans_serif,validation,Open Source,data/raw/fonts/google_fonts/sans_serif/Mulish__Mulish[wght].ttf,"{""background"": ""dark"", ""blur_radius"": null, ""font_size"": 31, ""jpeg_quality"": 80, ""letter_spacing_px"": 2, ""rotation_degrees"": -1.086}",42310344,1
data/processed/fontsense_preview/images/validation/sans_serif/Work_Sans/Work_Sans_00.png,Work Sans,sans_serif,validation,Modern Type,data/raw/fonts/google_fonts/sans_serif/Work_Sans__WorkSans[wght].ttf,"{""background"": ""light"", ""blur_radius"": null, ""font_size"": 31, ""jpeg_quality"": null, ""letter_spacing_px"": 0, ""rotation_degrees"": -1.186}",42320350,0
data/processed/fontsense_preview/images/validation/sans_serif/Work_Sans/Work_Sans_01.png,Work Sans,sans_serif,validation,Smart Layout,data/raw/fonts/google_fonts/sans_serif/Work_Sans__WorkSans[wght].ttf,"{""background"": ""light"", ""blur_radius"": null, ""font_size"": 28, ""jpeg_quality"": null, ""letter_spacing_px"": 1, ""rotation_degrees"": -1.085}",42320351,1
data/processed/fontsense_preview/images/test/sans_serif/Open_Sans/Open_Sans_00.png,Open Sans,sans_serif,test,Smart Layout,"data/raw/fonts/google_fonts/sans_serif/Open_Sans__OpenSans[wdth,wght].ttf","{""background"": ""light"", ""blur_radius"": null, ""font_size"": 30, ""jpeg_quality"": 86, ""letter_spacing_px"": 1, ""rotation_degrees"": 0.267}",42330357,0
data/processed/fontsense_preview/images/test/sans_serif/Open_Sans/Open_Sans_01.png,Open Sans,sans_serif,test,Daily Notes,"data/raw/fonts/google_fonts/sans_serif/Open_Sans__OpenSans[wdth,wght].ttf","{""background"": ""light"", ""blur_radius"": null, ""font_size"": 34, ""jpeg_quality"": null, ""letter_spacing_px"": 2, ""rotation_degrees"": 0.953}",42330358,1
data/processed/fontsense_preview/images/test/sans_serif/Oxygen/Oxygen_00.png,Oxygen,sans_serif,test,Hello World,data/raw/fonts/google_fonts/sans_serif/Oxygen__Oxygen-Regular.ttf,"{""background"": ""light"", ""blur_radius"": null, ""font_size"": 33, ""jpeg_quality"": null, ""letter_spacing_px"": 2, ""rotation_degrees"": -1.242}",42340364,0
data/processed/fontsense_preview/images/test/sans_serif/Oxygen/Oxygen_01.png,Oxygen,sans_serif,test,Simple Text,data/raw/fonts/google_fonts/sans_serif/Oxygen__Oxygen-Regular.ttf,"{""background"": ""light"", ""blur_radius"": null, ""font_size"": 36, ""jpeg_quality"": 84, ""letter_spacing_px"": 1, ""rotation_degrees"": 0.095}",42340365,1
data/processed/fontsense_preview/images/test/sans_serif/Raleway/Raleway_00.png,Raleway,sans_serif,test,Font Sense,data/raw/fonts/google_fonts/sans_serif/Raleway__Raleway[wght].ttf,"{""background"": ""light"", ""blur_radius"": null, ""font_size"": 35, ""jpeg_quality"": null, ""letter_spacing_px"": 2, ""rotation_degrees"": -0.409}",42350371,0
data/processed/fontsense_preview/images/test/sans_serif/Raleway/Raleway_01.png,Raleway,sans_serif,test,Creative Work,data/raw/fonts/google_fonts/sans_serif/Raleway__Raleway[wght].ttf,"{""background"": ""dark"", ""blur_radius"": null, ""font_size"": 28, ""jpeg_quality"": null, ""letter_spacing_px"": 1, ""rotation_degrees"": -0.35}",42350372,1
data/processed/fontsense_preview/images/train/display/Bebas_Neue/Bebas_Neue_00.png,Bebas Neue,display,train,Daily Notes,data/raw/fonts/google_fonts/display/Bebas_Neue__BebasNeue-Regular.ttf,"{""background"": ""light"", ""blur_radius"": null, ""font_size"": 33, ""jpeg_quality"": null, ""letter_spacing_px"": 2, ""rotation_degrees"": 1.324}",42360378,0
data/processed/fontsense_preview/images/train/display/Bebas_Neue/Bebas_Neue_01.png,Bebas Neue,display,train,Modern Type,data/raw/fonts/google_fonts/display/Bebas_Neue__BebasNeue-Regular.ttf,"{""background"": ""dark"", ""blur_radius"": 0.185, ""font_size"": 36, ""jpeg_quality"": null, ""letter_spacing_px"": 1, ""rotation_degrees"": 1.499}",42360379,1
data/processed/fontsense_preview/images/train/display/Bowlby_One_SC/Bowlby_One_SC_00.png,Bowlby One SC,display,train,Creative Work,data/raw/fonts/google_fonts/display/Bowlby_One_SC__BowlbyOneSC-Regular.ttf,"{""background"": ""light"", ""blur_radius"": null, ""font_size"": 24, ""jpeg_quality"": 87, ""letter_spacing_px"": 0, ""rotation_degrees"": 0.091}",42370385,0
data/processed/fontsense_preview/images/train/display/Bowlby_One_SC/Bowlby_One_SC_01.png,Bowlby One SC,display,train,Bright Idea,data/raw/fonts/google_fonts/display/Bowlby_One_SC__BowlbyOneSC-Regular.ttf,"{""background"": ""dark"", ""blur_radius"": null, ""font_size"": 30, ""jpeg_quality"": null, ""letter_spacing_px"": 0, ""rotation_degrees"": 1.416}",42370386,1
data/processed/fontsense_preview/images/train/display/Bungee/Bungee_00.png,Bungee,display,train,Modern Type,data/raw/fonts/google_fonts/display/Bungee__Bungee-Regular.ttf,"{""background"": ""dark"", ""blur_radius"": null, ""font_size"": 26, ""jpeg_quality"": 92, ""letter_spacing_px"": 0, ""rotation_degrees"": 0.706}",42380392,0
data/processed/fontsense_preview/images/train/display/Bungee/Bungee_01.png,Bungee,display,train,Bright Idea,data/raw/fonts/google_fonts/display/Bungee__Bungee-Regular.ttf,"{""background"": ""dark"", ""blur_radius"": null, ""font_size"": 25, ""jpeg_quality"": null, ""letter_spacing_px"": 2, ""rotation_degrees"": -1.495}",42380393,1
data/processed/fontsense_preview/images/train/display/Chango/Chango_00.png,Chango,display,train,Smart Layout,data/raw/fonts/google_fonts/display/Chango__Chango-Regular.ttf,"{""background"": ""light"", ""blur_radius"": null, ""font_size"": 20, ""jpeg_quality"": null, ""letter_spacing_px"": 1, ""rotation_degrees"": -0.674}",42390399,0
data/processed/fontsense_preview/images/train/display/Chango/Chango_01.png,Chango,display,train,Bold Shapes,data/raw/fonts/google_fonts/display/Chango__Chango-Regular.ttf,"{""background"": ""light"", ""blur_radius"": null, ""font_size"": 23, ""jpeg_quality"": null, ""letter_spacing_px"": 1, ""rotation_degrees"": 1.367}",42390400,1
data/processed/fontsense_preview/images/train/display/Fascinate/Fascinate_00.png,Fascinate,display,train,Daily Notes,data/raw/fonts/google_fonts/display/Fascinate__Fascinate-Regular.ttf,"{""background"": ""light"", ""blur_radius"": null, ""font_size"": 32, ""jpeg_quality"": null, ""letter_spacing_px"": 0, ""rotation_degrees"": 0.97}",42400406,0
data/processed/fontsense_preview/images/train/display/Fascinate/Fascinate_01.png,Fascinate,display,train,Hello World,data/raw/fonts/google_fonts/display/Fascinate__Fascinate-Regular.ttf,"{""background"": ""light"", ""blur_radius"": null, ""font_size"": 28, ""jpeg_quality"": null, ""letter_spacing_px"": 2, ""rotation_degrees"": 1.428}",42400407,1
data/processed/fontsense_preview/images/train/display/Frijole/Frijole_00.png,Frijole,display,train,Hello World,data/raw/fonts/google_fonts/display/Frijole__Frijole-Regular.ttf,"{""background"": ""light"", ""blur_radius"": null, ""font_size"": 20, ""jpeg_quality"": null, ""letter_spacing_px"": 1, ""rotation_degrees"": 0.48}",42410413,0
data/processed/fontsense_preview/images/train/display/Frijole/Frijole_01.png,Frijole,display,train,Clear Design,data/raw/fonts/google_fonts/display/Frijole__Frijole-Regular.ttf,"{""background"": ""light"", ""blur_radius"": null, ""font_size"": 22, ""jpeg_quality"": null, ""letter_spacing_px"": 0, ""rotation_degrees"": 0.449}",42410414,1
data/processed/fontsense_preview/images/train/display/Gravitas_One/Gravitas_One_00.png,Gravitas One,display,train,Visual Story,data/raw/fonts/google_fonts/display/Gravitas_One__GravitasOne.ttf,"{""background"": ""dark"", ""blur_radius"": null, ""font_size"": 20, ""jpeg_quality"": null, ""letter_spacing_px"": 2, ""rotation_degrees"": -0.692}",42420420,0
data/processed/fontsense_preview/images/train/display/Gravitas_One/Gravitas_One_01.png,Gravitas One,display,train,Font Sense,data/raw/fonts/google_fonts/display/Gravitas_One__GravitasOne.ttf,"{""background"": ""light"", ""blur_radius"": 0.348, ""font_size"": 25, ""jpeg_quality"": null, ""letter_spacing_px"": 1, ""rotation_degrees"": -0.298}",42420421,1
data/processed/fontsense_preview/images/train/display/Lobster/Lobster_00.png,Lobster,display,train,Type Study,data/raw/fonts/google_fonts/display/Lobster__Lobster-Regular.ttf,"{""background"": ""light"", ""blur_radius"": 0.33, ""font_size"": 46, ""jpeg_quality"": null, ""letter_spacing_px"": 0, ""rotation_degrees"": 1.078}",42430427,0
data/processed/fontsense_preview/images/train/display/Lobster/Lobster_01.png,Lobster,display,train,Font Sense,data/raw/fonts/google_fonts/display/Lobster__Lobster-Regular.ttf,"{""background"": ""light"", ""blur_radius"": null, ""font_size"": 34, ""jpeg_quality"": 82, ""letter_spacing_px"": 1, ""rotation_degrees"": -0.332}",42430428,1
data/processed/fontsense_preview/images/train/display/Luckiest_Guy/Luckiest_Guy_00.png,Luckiest Guy,display,train,Bright Idea,data/raw/fonts/google_fonts/display/Luckiest_Guy__LuckiestGuy-Regular.ttf,"{""background"": ""light"", ""blur_radius"": null, ""font_size"": 34, ""jpeg_quality"": null, ""letter_spacing_px"": 1, ""rotation_degrees"": 0.41}",42440434,0
data/processed/fontsense_preview/images/train/display/Luckiest_Guy/Luckiest_Guy_01.png,Luckiest Guy,display,train,Simple Text,data/raw/fonts/google_fonts/display/Luckiest_Guy__LuckiestGuy-Regular.ttf,"{""background"": ""light"", ""blur_radius"": null, ""font_size"": 31, ""jpeg_quality"": 89, ""letter_spacing_px"": 2, ""rotation_degrees"": -0.368}",42440435,1
data/processed/fontsense_preview/images/train/display/Monoton/Monoton_00.png,Monoton,display,train,Creative Work,data/raw/fonts/google_fonts/display/Monoton__Monoton-Regular.ttf,"{""background"": ""light"", ""blur_radius"": 0.248, ""font_size"": 18, ""jpeg_quality"": null, ""letter_spacing_px"": 2, ""rotation_degrees"": -1.385}",42450441,0
data/processed/fontsense_preview/images/train/display/Monoton/Monoton_01.png,Monoton,display,train,Font Sense,data/raw/fonts/google_fonts/display/Monoton__Monoton-Regular.ttf,"{""background"": ""light"", ""blur_radius"": 0.262, ""font_size"": 28, ""jpeg_quality"": null, ""letter_spacing_px"": 2, ""rotation_degrees"": -1.352}",42450442,1
data/processed/fontsense_preview/images/train/display/Rampart_One/Rampart_One_00.png,Rampart One,display,train,Fresh Lines,data/raw/fonts/google_fonts/display/Rampart_One__RampartOne-Regular.ttf,"{""background"": ""light"", ""blur_radius"": 0.294, ""font_size"": 33, ""jpeg_quality"": null, ""letter_spacing_px"": 0, ""rotation_degrees"": 0.666}",42460448,0
data/processed/fontsense_preview/images/train/display/Rampart_One/Rampart_One_01.png,Rampart One,display,train,Bright Idea,data/raw/fonts/google_fonts/display/Rampart_One__RampartOne-Regular.ttf,"{""background"": ""light"", ""blur_radius"": null, ""font_size"": 31, ""jpeg_quality"": null, ""letter_spacing_px"": 2, ""rotation_degrees"": -0.071}",42460449,1
data/processed/fontsense_preview/images/train/display/Righteous/Righteous_00.png,Righteous,display,train,Modern Type,data/raw/fonts/google_fonts/display/Righteous__Righteous-Regular.ttf,"{""background"": ""dark"", ""blur_radius"": null, ""font_size"": 30, ""jpeg_quality"": null, ""letter_spacing_px"": 1, ""rotation_degrees"": 0.806}",42470455,0
data/processed/fontsense_preview/images/train/display/Righteous/Righteous_01.png,Righteous,display,train,Creative Work,data/raw/fonts/google_fonts/display/Righteous__Righteous-Regular.ttf,"{""background"": ""light"", ""blur_radius"": null, ""font_size"": 26, ""jpeg_quality"": null, ""letter_spacing_px"": 2, ""rotation_degrees"": 1.431}",42470456,1
data/processed/fontsense_preview/images/validation/display/Abril_Fatface/Abril_Fatface_00.png,Abril Fatface,display,validation,Creative Work,data/raw/fonts/google_fonts/display/Abril_Fatface__AbrilFatface-Regular.ttf,"{""background"": ""light"", ""blur_radius"": 0.386, ""font_size"": 28, ""jpeg_quality"": null, ""letter_spacing_px"": 0, ""rotation_degrees"": 0.189}",42480462,0
data/processed/fontsense_preview/images/validation/display/Abril_Fatface/Abril_Fatface_01.png,Abril Fatface,display,validation,Bold Shapes,data/raw/fonts/google_fonts/display/Abril_Fatface__AbrilFatface-Regular.ttf,"{""background"": ""light"", ""blur_radius"": null, ""font_size"": 33, ""jpeg_quality"": null, ""letter_spacing_px"": 1, ""rotation_degrees"": -0.744}",42480463,1
data/processed/fontsense_preview/images/validation/display/Alfa_Slab_One/Alfa_Slab_One_00.png,Alfa Slab One,display,validation,Simple Text,data/raw/fonts/google_fonts/display/Alfa_Slab_One__AlfaSlabOne-Regular.ttf,"{""background"": ""light"", ""blur_radius"": null, ""font_size"": 28, ""jpeg_quality"": null, ""letter_spacing_px"": 2, ""rotation_degrees"": -1.307}",42490469,0
data/processed/fontsense_preview/images/validation/display/Alfa_Slab_One/Alfa_Slab_One_01.png,Alfa Slab One,display,validation,Bright Idea,data/raw/fonts/google_fonts/display/Alfa_Slab_One__AlfaSlabOne-Regular.ttf,"{""background"": ""light"", ""blur_radius"": null, ""font_size"": 33, ""jpeg_quality"": null, ""letter_spacing_px"": 0, ""rotation_degrees"": 0.407}",42490470,1
data/processed/fontsense_preview/images/validation/display/Black_Ops_One/Black_Ops_One_00.png,Black Ops One,display,validation,Bold Shapes,data/raw/fonts/google_fonts/display/Black_Ops_One__BlackOpsOne-Regular.ttf,"{""background"": ""dark"", ""blur_radius"": null, ""font_size"": 29, ""jpeg_quality"": null, ""letter_spacing_px"": 0, ""rotation_degrees"": -1.278}",42500476,0
data/processed/fontsense_preview/images/validation/display/Black_Ops_One/Black_Ops_One_01.png,Black Ops One,display,validation,Visual Story,data/raw/fonts/google_fonts/display/Black_Ops_One__BlackOpsOne-Regular.ttf,"{""background"": ""light"", ""blur_radius"": null, ""font_size"": 28, ""jpeg_quality"": 92, ""letter_spacing_px"": 1, ""rotation_degrees"": -0.671}",42500477,1
data/processed/fontsense_preview/images/test/display/Anton/Anton_00.png,Anton,display,test,Hello World,data/raw/fonts/google_fonts/display/Anton__Anton-Regular.ttf,"{""background"": ""light"", ""blur_radius"": null, ""font_size"": 42, ""jpeg_quality"": null, ""letter_spacing_px"": 1, ""rotation_degrees"": 0.338}",42510483,0
data/processed/fontsense_preview/images/test/display/Anton/Anton_01.png,Anton,display,test,Visual Story,data/raw/fonts/google_fonts/display/Anton__Anton-Regular.ttf,"{""background"": ""dark"", ""blur_radius"": 0.311, ""font_size"": 37, ""jpeg_quality"": null, ""letter_spacing_px"": 2, ""rotation_degrees"": -1.074}",42510484,1
data/processed/fontsense_preview/images/test/display/Creepster/Creepster_00.png,Creepster,display,test,Creative Work,data/raw/fonts/google_fonts/display/Creepster__Creepster-Regular.ttf,"{""background"": ""light"", ""blur_radius"": null, ""font_size"": 35, ""jpeg_quality"": null, ""letter_spacing_px"": 0, ""rotation_degrees"": -1.049}",42520490,0
data/processed/fontsense_preview/images/test/display/Creepster/Creepster_01.png,Creepster,display,test,Type Study,data/raw/fonts/google_fonts/display/Creepster__Creepster-Regular.ttf,"{""background"": ""light"", ""blur_radius"": null, ""font_size"": 43, ""jpeg_quality"": 88, ""letter_spacing_px"": 2, ""rotation_degrees"": 1.232}",42520491,1
data/processed/fontsense_preview/images/test/display/Modak/Modak_00.png,Modak,display,test,Fresh Lines,data/raw/fonts/google_fonts/display/Modak__Modak-Regular.ttf,"{""background"": ""light"", ""blur_radius"": 0.241, ""font_size"": 36, ""jpeg_quality"": 92, ""letter_spacing_px"": 1, ""rotation_degrees"": -0.012}",42530497,0
data/processed/fontsense_preview/images/test/display/Modak/Modak_01.png,Modak,display,test,Type Study,data/raw/fonts/google_fonts/display/Modak__Modak-Regular.ttf,"{""background"": ""light"", ""blur_radius"": null, ""font_size"": 37, ""jpeg_quality"": null, ""letter_spacing_px"": 1, ""rotation_degrees"": -0.133}",42530498,1
data/processed/fontsense_preview/images/train/handwriting/Bad_Script/Bad_Script_00.png,Bad Script,handwriting,train,Modern Type,data/raw/fonts/google_fonts/handwriting/Bad_Script__BadScript-Regular.ttf,"{""background"": ""light"", ""blur_radius"": null, ""font_size"": 36, ""jpeg_quality"": 90, ""letter_spacing_px"": 2, ""rotation_degrees"": -0.362}",42540504,0
data/processed/fontsense_preview/images/train/handwriting/Bad_Script/Bad_Script_01.png,Bad Script,handwriting,train,Smart Layout,data/raw/fonts/google_fonts/handwriting/Bad_Script__BadScript-Regular.ttf,"{""background"": ""light"", ""blur_radius"": null, ""font_size"": 36, ""jpeg_quality"": null, ""letter_spacing_px"": 1, ""rotation_degrees"": 0.637}",42540505,1
data/processed/fontsense_preview/images/train/handwriting/Cookie/Cookie_00.png,Cookie,handwriting,train,Open Source,data/raw/fonts/google_fonts/handwriting/Cookie__Cookie-Regular.ttf,"{""background"": ""light"", ""blur_radius"": null, ""font_size"": 40, ""jpeg_quality"": 88, ""letter_spacing_px"": 2, ""rotation_degrees"": -1.46}",42550511,0
data/processed/fontsense_preview/images/train/handwriting/Cookie/Cookie_01.png,Cookie,handwriting,train,Bright Idea,data/raw/fonts/google_fonts/handwriting/Cookie__Cookie-Regular.ttf,"{""background"": ""dark"", ""blur_radius"": null, ""font_size"": 50, ""jpeg_quality"": 88, ""letter_spacing_px"": 2, ""rotation_degrees"": -0.58}",42550512,1
data/processed/fontsense_preview/images/train/handwriting/Covered_By_Your_Grace/Covered_By_Your_Grace_00.png,Covered By Your Grace,handwriting,train,Visual Story,data/raw/fonts/google_fonts/handwriting/Covered_By_Your_Grace__CoveredByYourGrace.ttf,"{""background"": ""light"", ""blur_radius"": null, ""font_size"": 43, ""jpeg_quality"": null, ""letter_spacing_px"": 1, ""rotation_degrees"": 0.654}",42560518,0
data/processed/fontsense_preview/images/train/handwriting/Covered_By_Your_Grace/Covered_By_Your_Grace_01.png,Covered By Your Grace,handwriting,train,Fresh Lines,data/raw/fonts/google_fonts/handwriting/Covered_By_Your_Grace__CoveredByYourGrace.ttf,"{""background"": ""light"", ""blur_radius"": null, ""font_size"": 37, ""jpeg_quality"": null, ""letter_spacing_px"": 0, ""rotation_degrees"": -1.074}",42560519,1
data/processed/fontsense_preview/images/train/handwriting/Gloria_Hallelujah/Gloria_Hallelujah_00.png,Gloria Hallelujah,handwriting,train,Fresh Lines,data/raw/fonts/google_fonts/handwriting/Gloria_Hallelujah__GloriaHallelujah.ttf,"{""background"": ""light"", ""blur_radius"": null, ""font_size"": 33, ""jpeg_quality"": null, ""letter_spacing_px"": 2, ""rotation_degrees"": 1.218}",42570525,0
data/processed/fontsense_preview/images/train/handwriting/Gloria_Hallelujah/Gloria_Hallelujah_01.png,Gloria Hallelujah,handwriting,train,Type Study,data/raw/fonts/google_fonts/handwriting/Gloria_Hallelujah__GloriaHallelujah.ttf,"{""background"": ""light"", ""blur_radius"": null, ""font_size"": 35, ""jpeg_quality"": null, ""letter_spacing_px"": 1, ""rotation_degrees"": 1.092}",42570526,1
data/processed/fontsense_preview/images/train/handwriting/Great_Vibes/Great_Vibes_00.png,Great Vibes,handwriting,train,Type Study,data/raw/fonts/google_fonts/handwriting/Great_Vibes__GreatVibes-Regular.ttf,"{""background"": ""light"", ""blur_radius"": null, ""font_size"": 42, ""jpeg_quality"": null, ""letter_spacing_px"": 2, ""rotation_degrees"": 1.085}",42580532,0
data/processed/fontsense_preview/images/train/handwriting/Great_Vibes/Great_Vibes_01.png,Great Vibes,handwriting,train,Visual Story,data/raw/fonts/google_fonts/handwriting/Great_Vibes__GreatVibes-Regular.ttf,"{""background"": ""light"", ""blur_radius"": null, ""font_size"": 38, ""jpeg_quality"": 89, ""letter_spacing_px"": 1, ""rotation_degrees"": -0.553}",42580533,1
data/processed/fontsense_preview/images/train/handwriting/Homemade_Apple/Homemade_Apple_00.png,Homemade Apple,handwriting,train,Visual Story,data/raw/fonts/google_fonts/handwriting/Homemade_Apple__HomemadeApple-Regular.ttf,"{""background"": ""dark"", ""blur_radius"": null, ""font_size"": 27, ""jpeg_quality"": 79, ""letter_spacing_px"": 2, ""rotation_degrees"": 0.799}",42590539,0
data/processed/fontsense_preview/images/train/handwriting/Homemade_Apple/Homemade_Apple_01.png,Homemade Apple,handwriting,train,Clear Design,data/raw/fonts/google_fonts/handwriting/Homemade_Apple__HomemadeApple-Regular.ttf,"{""background"": ""light"", ""blur_radius"": null, ""font_size"": 28, ""jpeg_quality"": 85, ""letter_spacing_px"": 0, ""rotation_degrees"": 1.196}",42590540,1
data/processed/fontsense_preview/images/train/handwriting/Indie_Flower/Indie_Flower_00.png,Indie Flower,handwriting,train,Hello World,data/raw/fonts/google_fonts/handwriting/Indie_Flower__IndieFlower-Regular.ttf,"{""background"": ""light"", ""blur_radius"": null, ""font_size"": 43, ""jpeg_quality"": 84, ""letter_spacing_px"": 1, ""rotation_degrees"": -0.317}",42600546,0
data/processed/fontsense_preview/images/train/handwriting/Indie_Flower/Indie_Flower_01.png,Indie Flower,handwriting,train,Type Study,data/raw/fonts/google_fonts/handwriting/Indie_Flower__IndieFlower-Regular.ttf,"{""background"": ""dark"", ""blur_radius"": null, ""font_size"": 38, ""jpeg_quality"": null, ""letter_spacing_px"": 1, ""rotation_degrees"": -0.88}",42600547,1
data/processed/fontsense_preview/images/train/handwriting/Kalam/Kalam_00.png,Kalam,handwriting,train,Daily Notes,data/raw/fonts/google_fonts/handwriting/Kalam__Kalam-Regular.ttf,"{""background"": ""dark"", ""blur_radius"": null, ""font_size"": 39, ""jpeg_quality"": null, ""letter_spacing_px"": 1, ""rotation_degrees"": -0.342}",42610553,0
data/processed/fontsense_preview/images/train/handwriting/Kalam/Kalam_01.png,Kalam,handwriting,train,Modern Type,data/raw/fonts/google_fonts/handwriting/Kalam__Kalam-Regular.ttf,"{""background"": ""dark"", ""blur_radius"": null, ""font_size"": 37, ""jpeg_quality"": null, ""letter_spacing_px"": 0, ""rotation_degrees"": -0.044}",42610554,1
data/processed/fontsense_preview/images/train/handwriting/Kaushan_Script/Kaushan_Script_00.png,Kaushan Script,handwriting,train,Modern Type,data/raw/fonts/google_fonts/handwriting/Kaushan_Script__KaushanScript-Regular.ttf,"{""background"": ""light"", ""blur_radius"": null, ""font_size"": 35, ""jpeg_quality"": null, ""letter_spacing_px"": 1, ""rotation_degrees"": 0.076}",42620560,0
data/processed/fontsense_preview/images/train/handwriting/Kaushan_Script/Kaushan_Script_01.png,Kaushan Script,handwriting,train,Fresh Lines,data/raw/fonts/google_fonts/handwriting/Kaushan_Script__KaushanScript-Regular.ttf,"{""background"": ""dark"", ""blur_radius"": null, ""font_size"": 40, ""jpeg_quality"": null, ""letter_spacing_px"": 1, ""rotation_degrees"": -0.49}",42620561,1
data/processed/fontsense_preview/images/train/handwriting/Nanum_Pen_Script/Nanum_Pen_Script_00.png,Nanum Pen Script,handwriting,train,Hello World,data/raw/fonts/google_fonts/handwriting/Nanum_Pen_Script__NanumPenScript-Regular.ttf,"{""background"": ""light"", ""blur_radius"": null, ""font_size"": 49, ""jpeg_quality"": null, ""letter_spacing_px"": 1, ""rotation_degrees"": -0.474}",42630567,0
data/processed/fontsense_preview/images/train/handwriting/Nanum_Pen_Script/Nanum_Pen_Script_01.png,Nanum Pen Script,handwriting,train,Fresh Lines,data/raw/fonts/google_fonts/handwriting/Nanum_Pen_Script__NanumPenScript-Regular.ttf,"{""background"": ""light"", ""blur_radius"": null, ""font_size"": 45, ""jpeg_quality"": null, ""letter_spacing_px"": 2, ""rotation_degrees"": -0.712}",42630568,1
data/processed/fontsense_preview/images/train/handwriting/Patrick_Hand/Patrick_Hand_00.png,Patrick Hand,handwriting,train,Modern Type,data/raw/fonts/google_fonts/handwriting/Patrick_Hand__PatrickHand-Regular.ttf,"{""background"": ""light"", ""blur_radius"": null, ""font_size"": 39, ""jpeg_quality"": null, ""letter_spacing_px"": 2, ""rotation_degrees"": -0.04}",42640574,0
data/processed/fontsense_preview/images/train/handwriting/Patrick_Hand/Patrick_Hand_01.png,Patrick Hand,handwriting,train,Clear Design,data/raw/fonts/google_fonts/handwriting/Patrick_Hand__PatrickHand-Regular.ttf,"{""background"": ""light"", ""blur_radius"": null, ""font_size"": 39, ""jpeg_quality"": null, ""letter_spacing_px"": 1, ""rotation_degrees"": 1.169}",42640575,1
data/processed/fontsense_preview/images/train/handwriting/Yellowtail/Yellowtail_00.png,Yellowtail,handwriting,train,Quiet Words,data/raw/fonts/google_fonts/handwriting/Yellowtail__Yellowtail-Regular.ttf,"{""background"": ""light"", ""blur_radius"": 0.228, ""font_size"": 41, ""jpeg_quality"": 81, ""letter_spacing_px"": 1, ""rotation_degrees"": 1.28}",42650581,0
data/processed/fontsense_preview/images/train/handwriting/Yellowtail/Yellowtail_01.png,Yellowtail,handwriting,train,Clear Design,data/raw/fonts/google_fonts/handwriting/Yellowtail__Yellowtail-Regular.ttf,"{""background"": ""light"", ""blur_radius"": null, ""font_size"": 40, ""jpeg_quality"": null, ""letter_spacing_px"": 1, ""rotation_degrees"": 1.266}",42650582,1
data/processed/fontsense_preview/images/validation/handwriting/Allura/Allura_00.png,Allura,handwriting,validation,Bright Idea,data/raw/fonts/google_fonts/handwriting/Allura__Allura-Regular.ttf,"{""background"": ""dark"", ""blur_radius"": 0.279, ""font_size"": 37, ""jpeg_quality"": null, ""letter_spacing_px"": 1, ""rotation_degrees"": 0.343}",42660588,0
data/processed/fontsense_preview/images/validation/handwriting/Allura/Allura_01.png,Allura,handwriting,validation,Smart Layout,data/raw/fonts/google_fonts/handwriting/Allura__Allura-Regular.ttf,"{""background"": ""light"", ""blur_radius"": null, ""font_size"": 38, ""jpeg_quality"": null, ""letter_spacing_px"": 2, ""rotation_degrees"": 1.134}",42660589,1
data/processed/fontsense_preview/images/validation/handwriting/Caveat/Caveat_00.png,Caveat,handwriting,validation,Visual Story,data/raw/fonts/google_fonts/handwriting/Caveat__Caveat[wght].ttf,"{""background"": ""light"", ""blur_radius"": 0.191, ""font_size"": 40, ""jpeg_quality"": 88, ""letter_spacing_px"": 0, ""rotation_degrees"": -0.942}",42670595,0
data/processed/fontsense_preview/images/validation/handwriting/Caveat/Caveat_01.png,Caveat,handwriting,validation,Simple Text,data/raw/fonts/google_fonts/handwriting/Caveat__Caveat[wght].ttf,"{""background"": ""dark"", ""blur_radius"": null, ""font_size"": 34, ""jpeg_quality"": null, ""letter_spacing_px"": 1, ""rotation_degrees"": -1.225}",42670596,1
data/processed/fontsense_preview/images/validation/handwriting/Marck_Script/Marck_Script_00.png,Marck Script,handwriting,validation,Daily Notes,data/raw/fonts/google_fonts/handwriting/Marck_Script__MarckScript-Regular.ttf,"{""background"": ""light"", ""blur_radius"": 0.41, ""font_size"": 37, ""jpeg_quality"": null, ""letter_spacing_px"": 2, ""rotation_degrees"": 0.386}",42680602,0
data/processed/fontsense_preview/images/validation/handwriting/Marck_Script/Marck_Script_01.png,Marck Script,handwriting,validation,Font Sense,data/raw/fonts/google_fonts/handwriting/Marck_Script__MarckScript-Regular.ttf,"{""background"": ""light"", ""blur_radius"": 0.406, ""font_size"": 40, ""jpeg_quality"": null, ""letter_spacing_px"": 2, ""rotation_degrees"": 1.319}",42680603,1
data/processed/fontsense_preview/images/test/handwriting/Courgette/Courgette_00.png,Courgette,handwriting,test,Hello World,data/raw/fonts/google_fonts/handwriting/Courgette__Courgette-Regular.ttf,"{""background"": ""light"", ""blur_radius"": null, ""font_size"": 34, ""jpeg_quality"": null, ""letter_spacing_px"": 2, ""rotation_degrees"": -0.719}",42690609,0
data/processed/fontsense_preview/images/test/handwriting/Courgette/Courgette_01.png,Courgette,handwriting,test,Bold Shapes,data/raw/fonts/google_fonts/handwriting/Courgette__Courgette-Regular.ttf,"{""background"": ""light"", ""blur_radius"": null, ""font_size"": 38, ""jpeg_quality"": null, ""letter_spacing_px"": 0, ""rotation_degrees"": 0.142}",42690610,1
data/processed/fontsense_preview/images/test/handwriting/Dancing_Script/Dancing_Script_00.png,Dancing Script,handwriting,test,Creative Work,data/raw/fonts/google_fonts/handwriting/Dancing_Script__DancingScript[wght].ttf,"{""background"": ""light"", ""blur_radius"": null, ""font_size"": 35, ""jpeg_quality"": null, ""letter_spacing_px"": 0, ""rotation_degrees"": 1.433}",42700616,0
data/processed/fontsense_preview/images/test/handwriting/Dancing_Script/Dancing_Script_01.png,Dancing Script,handwriting,test,Hello World,data/raw/fonts/google_fonts/handwriting/Dancing_Script__DancingScript[wght].ttf,"{""background"": ""light"", ""blur_radius"": null, ""font_size"": 42, ""jpeg_quality"": null, ""letter_spacing_px"": 1, ""rotation_degrees"": -0.278}",42700617,1
data/processed/fontsense_preview/images/test/handwriting/Pacifico/Pacifico_00.png,Pacifico,handwriting,test,Modern Type,data/raw/fonts/google_fonts/handwriting/Pacifico__Pacifico-Regular.ttf,"{""background"": ""light"", ""blur_radius"": 0.246, ""font_size"": 32, ""jpeg_quality"": null, ""letter_spacing_px"": 1, ""rotation_degrees"": -0.582}",42710623,0
data/processed/fontsense_preview/images/test/handwriting/Pacifico/Pacifico_01.png,Pacifico,handwriting,test,Type Study,data/raw/fonts/google_fonts/handwriting/Pacifico__Pacifico-Regular.ttf,"{""background"": ""light"", ""blur_radius"": null, ""font_size"": 32, ""jpeg_quality"": null, ""letter_spacing_px"": 0, ""rotation_degrees"": 1.059}",42710624,1
data/processed/fontsense_preview/images/train/monospace/Anonymous_Pro/Anonymous_Pro_00.png,Anonymous Pro,monospace,train,Font Sense,data/raw/fonts/google_fonts/monospace/Anonymous_Pro__AnonymousPro-Regular.ttf,"{""background"": ""light"", ""blur_radius"": 0.35, ""font_size"": 35, ""jpeg_quality"": null, ""letter_spacing_px"": 1, ""rotation_degrees"": -0.405}",42720630,0
data/processed/fontsense_preview/images/train/monospace/Anonymous_Pro/Anonymous_Pro_01.png,Anonymous Pro,monospace,train,Daily Notes,data/raw/fonts/google_fonts/monospace/Anonymous_Pro__AnonymousPro-Regular.ttf,"{""background"": ""light"", ""blur_radius"": null, ""font_size"": 32, ""jpeg_quality"": null, ""letter_spacing_px"": 1, ""rotation_degrees"": 1.124}",42720631,1
data/processed/fontsense_preview/images/train/monospace/Azeret_Mono/Azeret_Mono_00.png,Azeret Mono,monospace,train,Daily Notes,data/raw/fonts/google_fonts/monospace/Azeret_Mono__AzeretMono[wght].ttf,"{""background"": ""dark"", ""blur_radius"": null, ""font_size"": 28, ""jpeg_quality"": null, ""letter_spacing_px"": 0, ""rotation_degrees"": -0.786}",42730637,0
data/processed/fontsense_preview/images/train/monospace/Azeret_Mono/Azeret_Mono_01.png,Azeret Mono,monospace,train,Visual Story,data/raw/fonts/google_fonts/monospace/Azeret_Mono__AzeretMono[wght].ttf,"{""background"": ""light"", ""blur_radius"": null, ""font_size"": 22, ""jpeg_quality"": null, ""letter_spacing_px"": 2, ""rotation_degrees"": 0.473}",42730638,1
data/processed/fontsense_preview/images/train/monospace/DM_Mono/DM_Mono_00.png,DM Mono,monospace,train,Bold Shapes,data/raw/fonts/google_fonts/monospace/DM_Mono__DMMono-Regular.ttf,"{""background"": ""dark"", ""blur_radius"": null, ""font_size"": 30, ""jpeg_quality"": null, ""letter_spacing_px"": 0, ""rotation_degrees"": -0.047}",42740644,0
data/processed/fontsense_preview/images/train/monospace/DM_Mono/DM_Mono_01.png,DM Mono,monospace,train,Quiet Words,data/raw/fonts/google_fonts/monospace/DM_Mono__DMMono-Regular.ttf,"{""background"": ""light"", ""blur_radius"": null, ""font_size"": 27, ""jpeg_quality"": null, ""letter_spacing_px"": 2, ""rotation_degrees"": 0.487}",42740645,1
data/processed/fontsense_preview/images/train/monospace/Fira_Code/Fira_Code_00.png,Fira Code,monospace,train,Quiet Words,data/raw/fonts/google_fonts/monospace/Fira_Code__FiraCode[wght].ttf,"{""background"": ""light"", ""blur_radius"": null, ""font_size"": 30, ""jpeg_quality"": null, ""letter_spacing_px"": 0, ""rotation_degrees"": 1.309}",42750651,0
data/processed/fontsense_preview/images/train/monospace/Fira_Code/Fira_Code_01.png,Fira Code,monospace,train,Bold Shapes,data/raw/fonts/google_fonts/monospace/Fira_Code__FiraCode[wght].ttf,"{""background"": ""light"", ""blur_radius"": null, ""font_size"": 30, ""jpeg_quality"": null, ""letter_spacing_px"": 0, ""rotation_degrees"": 0.819}",42750652,1
data/processed/fontsense_preview/images/train/monospace/JetBrains_Mono/JetBrains_Mono_00.png,JetBrains Mono,monospace,train,Daily Notes,data/raw/fonts/google_fonts/monospace/JetBrains_Mono__JetBrainsMono[wght].ttf,"{""background"": ""light"", ""blur_radius"": null, ""font_size"": 30, ""jpeg_quality"": 91, ""letter_spacing_px"": 0, ""rotation_degrees"": -0.832}",42760658,0
data/processed/fontsense_preview/images/train/monospace/JetBrains_Mono/JetBrains_Mono_01.png,JetBrains Mono,monospace,train,Smart Layout,data/raw/fonts/google_fonts/monospace/JetBrains_Mono__JetBrainsMono[wght].ttf,"{""background"": ""light"", ""blur_radius"": null, ""font_size"": 27, ""jpeg_quality"": null, ""letter_spacing_px"": 0, ""rotation_degrees"": 0.45}",42760659,1
data/processed/fontsense_preview/images/train/monospace/Overpass_Mono/Overpass_Mono_00.png,Overpass Mono,monospace,train,Quiet Words,data/raw/fonts/google_fonts/monospace/Overpass_Mono__OverpassMono[wght].ttf,"{""background"": ""light"", ""blur_radius"": null, ""font_size"": 28, ""jpeg_quality"": null, ""letter_spacing_px"": 1, ""rotation_degrees"": 0.586}",42770665,0
data/processed/fontsense_preview/images/train/monospace/Overpass_Mono/Overpass_Mono_01.png,Overpass Mono,monospace,train,Simple Text,data/raw/fonts/google_fonts/monospace/Overpass_Mono__OverpassMono[wght].ttf,"{""background"": ""light"", ""blur_radius"": null, ""font_size"": 28, ""jpeg_quality"": null, ""letter_spacing_px"": 1, ""rotation_degrees"": -0.628}",42770666,1
data/processed/fontsense_preview/images/train/monospace/Oxygen_Mono/Oxygen_Mono_00.png,Oxygen Mono,monospace,train,Font Sense,data/raw/fonts/google_fonts/monospace/Oxygen_Mono__OxygenMono-Regular.ttf,"{""background"": ""light"", ""blur_radius"": null, ""font_size"": 33, ""jpeg_quality"": 81, ""letter_spacing_px"": 0, ""rotation_degrees"": 0.776}",42780672,0
data/processed/fontsense_preview/images/train/monospace/Oxygen_Mono/Oxygen_Mono_01.png,Oxygen Mono,monospace,train,Type Study,data/raw/fonts/google_fonts/monospace/Oxygen_Mono__OxygenMono-Regular.ttf,"{""background"": ""light"", ""blur_radius"": 0.308, ""font_size"": 32, ""jpeg_quality"": null, ""letter_spacing_px"": 1, ""rotation_degrees"": 1.056}",42780673,1
data/processed/fontsense_preview/images/train/monospace/PT_Mono/PT_Mono_00.png,PT Mono,monospace,train,Modern Type,data/raw/fonts/google_fonts/monospace/PT_Mono__PTM55FT.ttf,"{""background"": ""light"", ""blur_radius"": null, ""font_size"": 29, ""jpeg_quality"": 80, ""letter_spacing_px"": 1, ""rotation_degrees"": -0.999}",42790679,0
data/processed/fontsense_preview/images/train/monospace/PT_Mono/PT_Mono_01.png,PT Mono,monospace,train,Bold Shapes,data/raw/fonts/google_fonts/monospace/PT_Mono__PTM55FT.ttf,"{""background"": ""light"", ""blur_radius"": null, ""font_size"": 27, ""jpeg_quality"": null, ""letter_spacing_px"": 2, ""rotation_degrees"": 1.176}",42790680,1
data/processed/fontsense_preview/images/train/monospace/Share_Tech_Mono/Share_Tech_Mono_00.png,Share Tech Mono,monospace,train,Hello World,data/raw/fonts/google_fonts/monospace/Share_Tech_Mono__ShareTechMono-Regular.ttf,"{""background"": ""light"", ""blur_radius"": null, ""font_size"": 34, ""jpeg_quality"": null, ""letter_spacing_px"": 0, ""rotation_degrees"": -0.193}",42800686,0
data/processed/fontsense_preview/images/train/monospace/Share_Tech_Mono/Share_Tech_Mono_01.png,Share Tech Mono,monospace,train,Open Source,data/raw/fonts/google_fonts/monospace/Share_Tech_Mono__ShareTechMono-Regular.ttf,"{""background"": ""light"", ""blur_radius"": null, ""font_size"": 33, ""jpeg_quality"": null, ""letter_spacing_px"": 0, ""rotation_degrees"": 0.852}",42800687,1
data/processed/fontsense_preview/images/train/monospace/Source_Code_Pro/Source_Code_Pro_00.png,Source Code Pro,monospace,train,Daily Notes,data/raw/fonts/google_fonts/monospace/Source_Code_Pro__SourceCodePro[wght].ttf,"{""background"": ""light"", ""blur_radius"": 0.244, ""font_size"": 30, ""jpeg_quality"": null, ""letter_spacing_px"": 0, ""rotation_degrees"": 0.235}",42810693,0
data/processed/fontsense_preview/images/train/monospace/Source_Code_Pro/Source_Code_Pro_01.png,Source Code Pro,monospace,train,Open Source,data/raw/fonts/google_fonts/monospace/Source_Code_Pro__SourceCodePro[wght].ttf,"{""background"": ""light"", ""blur_radius"": null, ""font_size"": 27, ""jpeg_quality"": null, ""letter_spacing_px"": 2, ""rotation_degrees"": -0.732}",42810694,1
data/processed/fontsense_preview/images/train/monospace/Space_Mono/Space_Mono_00.png,Space Mono,monospace,train,Visual Story,data/raw/fonts/google_fonts/monospace/Space_Mono__SpaceMono-Regular.ttf,"{""background"": ""light"", ""blur_radius"": 0.245, ""font_size"": 26, ""jpeg_quality"": null, ""letter_spacing_px"": 0, ""rotation_degrees"": 0.289}",42820700,0
data/processed/fontsense_preview/images/train/monospace/Space_Mono/Space_Mono_01.png,Space Mono,monospace,train,Modern Type,data/raw/fonts/google_fonts/monospace/Space_Mono__SpaceMono-Regular.ttf,"{""background"": ""dark"", ""blur_radius"": null, ""font_size"": 30, ""jpeg_quality"": null, ""letter_spacing_px"": 0, ""rotation_degrees"": 0.158}",42820701,1
data/processed/fontsense_preview/images/train/monospace/Ubuntu_Mono/Ubuntu_Mono_00.png,Ubuntu Mono,monospace,train,Smart Layout,data/raw/fonts/google_fonts/monospace/Ubuntu_Mono__UbuntuMono-Regular.ttf,"{""background"": ""light"", ""blur_radius"": null, ""font_size"": 32, ""jpeg_quality"": null, ""letter_spacing_px"": 0, ""rotation_degrees"": 1.115}",42830707,0
data/processed/fontsense_preview/images/train/monospace/Ubuntu_Mono/Ubuntu_Mono_01.png,Ubuntu Mono,monospace,train,Modern Type,data/raw/fonts/google_fonts/monospace/Ubuntu_Mono__UbuntuMono-Regular.ttf,"{""background"": ""dark"", ""blur_radius"": null, ""font_size"": 36, ""jpeg_quality"": null, ""letter_spacing_px"": 0, ""rotation_degrees"": -1.031}",42830708,1
data/processed/fontsense_preview/images/validation/monospace/Cousine/Cousine_00.png,Cousine,monospace,validation,Open Source,data/raw/fonts/google_fonts/monospace/Cousine__Cousine-Regular.ttf,"{""background"": ""light"", ""blur_radius"": null, ""font_size"": 30, ""jpeg_quality"": 82, ""letter_spacing_px"": 0, ""rotation_degrees"": -0.806}",42840714,0
data/processed/fontsense_preview/images/validation/monospace/Cousine/Cousine_01.png,Cousine,monospace,validation,Font Sense,data/raw/fonts/google_fonts/monospace/Cousine__Cousine-Regular.ttf,"{""background"": ""light"", ""blur_radius"": null, ""font_size"": 32, ""jpeg_quality"": null, ""letter_spacing_px"": 1, ""rotation_degrees"": -0.433}",42840715,1
data/processed/fontsense_preview/images/validation/monospace/Cutive_Mono/Cutive_Mono_00.png,Cutive Mono,monospace,validation,Font Sense,data/raw/fonts/google_fonts/monospace/Cutive_Mono__CutiveMono-Regular.ttf,"{""background"": ""dark"", ""blur_radius"": null, ""font_size"": 32, ""jpeg_quality"": 80, ""letter_spacing_px"": 1, ""rotation_degrees"": -0.342}",42850721,0
data/processed/fontsense_preview/images/validation/monospace/Cutive_Mono/Cutive_Mono_01.png,Cutive Mono,monospace,validation,Visual Story,data/raw/fonts/google_fonts/monospace/Cutive_Mono__CutiveMono-Regular.ttf,"{""background"": ""light"", ""blur_radius"": null, ""font_size"": 25, ""jpeg_quality"": null, ""letter_spacing_px"": 1, ""rotation_degrees"": -0.638}",42850722,1
data/processed/fontsense_preview/images/validation/monospace/IBM_Plex_Mono/IBM_Plex_Mono_00.png,IBM Plex Mono,monospace,validation,Bold Shapes,data/raw/fonts/google_fonts/monospace/IBM_Plex_Mono__IBMPlexMono-Regular.ttf,"{""background"": ""light"", ""blur_radius"": 0.198, ""font_size"": 29, ""jpeg_quality"": null, ""letter_spacing_px"": 1, ""rotation_degrees"": 0.262}",42860728,0
data/processed/fontsense_preview/images/validation/monospace/IBM_Plex_Mono/IBM_Plex_Mono_01.png,IBM Plex Mono,monospace,validation,Bright Idea,data/raw/fonts/google_fonts/monospace/IBM_Plex_Mono__IBMPlexMono-Regular.ttf,"{""background"": ""dark"", ""blur_radius"": 0.227, ""font_size"": 29, ""jpeg_quality"": null, ""letter_spacing_px"": 1, ""rotation_degrees"": -1.241}",42860729,1
data/processed/fontsense_preview/images/test/monospace/Fira_Mono/Fira_Mono_00.png,Fira Mono,monospace,test,Fresh Lines,data/raw/fonts/google_fonts/monospace/Fira_Mono__FiraMono-Regular.ttf,"{""background"": ""light"", ""blur_radius"": 0.305, ""font_size"": 29, ""jpeg_quality"": null, ""letter_spacing_px"": 1, ""rotation_degrees"": 0.087}",42870735,0
data/processed/fontsense_preview/images/test/monospace/Fira_Mono/Fira_Mono_01.png,Fira Mono,monospace,test,Bold Shapes,data/raw/fonts/google_fonts/monospace/Fira_Mono__FiraMono-Regular.ttf,"{""background"": ""light"", ""blur_radius"": null, ""font_size"": 29, ""jpeg_quality"": null, ""letter_spacing_px"": 1, ""rotation_degrees"": -0.931}",42870736,1
data/processed/fontsense_preview/images/test/monospace/Roboto_Mono/Roboto_Mono_00.png,Roboto Mono,monospace,test,Visual Story,data/raw/fonts/google_fonts/monospace/Roboto_Mono__RobotoMono[wght].ttf,"{""background"": ""dark"", ""blur_radius"": null, ""font_size"": 25, ""jpeg_quality"": null, ""letter_spacing_px"": 1, ""rotation_degrees"": 0.217}",42880742,0
data/processed/fontsense_preview/images/test/monospace/Roboto_Mono/Roboto_Mono_01.png,Roboto Mono,monospace,test,Fresh Lines,data/raw/fonts/google_fonts/monospace/Roboto_Mono__RobotoMono[wght].ttf,"{""background"": ""light"", ""blur_radius"": null, ""font_size"": 28, ""jpeg_quality"": null, ""letter_spacing_px"": 1, ""rotation_degrees"": -0.717}",42880743,1
data/processed/fontsense_preview/images/test/monospace/Sometype_Mono/Sometype_Mono_00.png,Sometype Mono,monospace,test,Clear Design,data/raw/fonts/google_fonts/monospace/Sometype_Mono__SometypeMono[wght].ttf,"{""background"": ""dark"", ""blur_radius"": null, ""font_size"": 26, ""jpeg_quality"": null, ""letter_spacing_px"": 1, ""rotation_degrees"": -1.214}",42890749,0
data/processed/fontsense_preview/images/test/monospace/Sometype_Mono/Sometype_Mono_01.png,Sometype Mono,monospace,test,Modern Type,data/raw/fonts/google_fonts/monospace/Sometype_Mono__SometypeMono[wght].ttf,"{""background"": ""light"", ""blur_radius"": null, ""font_size"": 28, ""jpeg_quality"": null, ""letter_spacing_px"": 2, ""rotation_degrees"": 0.069}",42890750,1
